ID,w1group,w1schoolid,gender,w1_54a,w1_54b,w1_54d,w1_54e,w1_54f,w2_54a,w2_54b,w2_54d,w2_54e,w2_54f,w3_54a,w3_54b,w3_54d,w3_54e,w3_54f,w4_54a,w4_54b,w4_54d,w4_54e,w4_54f,w1_1,w2_1,w3_1,w4_1
1,0,17,female,3,3,2,2,2,3,2,2,2,2,4,2,1,2,2,3,2,2,3,3,2,3,7,7
2,1,19,female,4,1,1,1,1,4,1,1,2,1,4,1,2,2,2,3,1,1,1,1,1,2,3,4
3,0,23,male,3,2,2,2,2,4,1,1,1,2,4,1,1,1,1,4,4,1,1,1,2,3,4,5
4,0,23,male,3,1,1,1,1,3,3,1,2,2,4,4,4,4,4,4,1,1,1,1,1,2,3,4
5,1,10,female,4,1,1,4,1,4,1,1,1,1,4,1,1,1,1,4,1,1,1,1,1,2,3,4
6,1,12,male,3,1,2,1,2,3,1,1,1,1,4,2,2,1,1,3,1,1,2,2,2,3,4,5
7,0,6,male,4,1,1,2,2,3,2,2,2,2,3,2,1,2,2,3,2,2,2,2,2,3,4,5
8,0,22,male,3,2,2,2,2,4,3,1,3,3,4,2,1,1,3,3,2,3,1,2,2,3,4,5
9,0,17,male,4,1,1,1,1,4,1,1,1,1,3,1,1,1,1,NA,NA,NA,NA,NA,2,8,3,NA
10,1,12,female,4,1,1,2,1,4,1,1,1,1,4,1,2,2,2,4,2,1,1,1,1,2,1,2
11,1,5,female,3,2,1,3,2,3,3,1,1,1,3,3,1,1,1,NA,NA,NA,NA,NA,2,3,7,NA
12,1,13,female,3,2,1,2,2,3,2,2,2,2,3,2,3,3,3,3,3,2,2,3,1,2,3,4
13,0,24,female,3,1,2,2,2,4,1,1,1,1,3,2,4,3,2,3,2,3,2,3,1,2,2,8
14,0,15,female,3,3,1,NA,2,NA,NA,NA,NA,NA,3,2,2,2,2,NA,NA,NA,NA,NA,2,NA,8,NA
15,1,13,female,3,2,2,2,2,3,3,2,2,2,3,4,2,2,2,3,2,2,2,2,1,2,7,8
16,1,9,male,4,2,2,1,2,3,2,1,1,2,3,2,1,1,1,3,2,1,1,2,1,2,3,4
17,0,21,female,3,1,1,2,2,4,1,2,2,1,4,1,1,2,2,4,2,1,2,2,1,1,1,2
18,1,4,female,3,1,2,1,2,3,1,2,1,2,3,1,2,1,2,3,1,1,1,1,1,1,2,3
19,0,22,male,3,3,2,2,2,4,1,1,1,1,3,2,2,1,3,3,3,1,1,1,2,3,4,4
20,0,15,male,3,1,1,2,1,4,4,1,4,4,4,2,1,1,3,3,3,2,2,2,2,3,3,4
21,1,13,male,3,3,2,1,4,3,2,1,2,1,3,1,1,1,1,NA,NA,NA,NA,NA,1,1,3,NA
22,0,23,female,4,1,1,1,1,4,2,1,2,1,4,2,1,1,1,NA,NA,NA,NA,NA,2,3,7,NA
23,1,1,male,3,2,1,2,2,4,2,3,3,2,3,1,1,1,1,NA,NA,NA,NA,NA,1,2,3,NA
24,0,24,female,3,2,3,3,3,3,3,2,4,4,4,3,3,3,3,NA,NA,NA,NA,NA,1,1,1,NA
25,1,1,male,4,1,1,1,1,4,1,1,1,1,4,3,1,1,1,4,2,1,1,1,2,3,4,5
26,0,20,male,4,2,1,2,1,3,2,2,4,4,4,1,1,1,1,4,2,1,3,2,1,1,3,8
27,1,4,male,4,3,3,1,3,3,3,2,1,3,4,2,1,1,1,4,1,1,4,2,2,3,4,5
28,1,12,female,4,1,1,2,2,4,1,1,1,1,3,2,1,2,2,4,1,2,2,2,1,2,3,4
29,0,17,female,4,2,1,1,1,3,3,1,3,3,3,4,4,4,4,4,4,4,4,4,1,1,2,2
30,0,20,female,3,3,3,4,3,3,2,1,2,1,3,2,1,2,2,3,3,1,1,1,2,3,4,5
31,0,2,female,4,1,1,1,1,3,4,4,4,4,4,1,1,1,1,3,3,4,4,4,1,2,3,4
32,1,1,female,4,2,3,4,4,4,1,1,1,1,4,1,1,1,1,4,2,3,2,4,1,8,8,2
33,0,22,male,4,2,1,2,1,4,1,1,1,2,NA,NA,NA,NA,NA,4,1,1,1,1,1,2,NA,4
34,1,19,female,3,2,2,2,2,3,2,2,3,3,3,2,2,2,2,3,3,1,3,1,1,2,3,4
35,0,22,male,4,1,2,2,1,4,2,2,2,1,3,2,1,2,1,4,2,2,1,1,1,2,3,4
36,1,1,female,3,1,2,1,1,3,1,2,1,1,3,2,2,2,2,3,2,2,2,4,1,2,3,4
37,0,15,female,4,2,1,1,4,4,2,3,1,2,4,1,1,1,1,3,3,3,3,2,2,2,3,8
38,0,8,male,4,1,1,1,1,4,1,3,3,1,4,1,1,1,1,3,2,2,3,2,1,1,2,3
39,1,9,male,3,2,2,2,2,3,3,2,3,1,3,3,4,3,4,3,4,2,3,1,2,3,4,5
40,0,11,male,4,1,1,1,1,3,1,1,2,2,3,2,1,1,1,3,2,2,2,2,1,1,2,3
41,0,22,female,4,1,2,1,2,3,3,1,2,1,3,3,3,3,3,3,1,1,2,3,1,1,4,2
42,0,15,male,3,1,1,4,4,3,3,1,4,4,3,3,3,3,3,4,4,3,4,4,2,3,3,8
43,1,26,female,3,4,2,2,3,3,1,4,4,4,4,2,1,3,1,3,3,3,3,4,1,2,8,7
44,0,11,male,3,1,4,4,3,4,1,1,2,1,4,1,3,1,1,3,2,1,2,1,2,1,2,3
45,0,11,male,3,1,1,2,2,3,1,1,1,1,3,2,1,1,1,3,3,1,1,2,2,3,4,5
46,0,2,male,3,1,1,2,1,4,3,1,4,4,3,2,1,2,1,4,1,1,1,1,2,3,4,5
47,0,7,female,3,2,3,2,2,3,2,2,2,2,3,2,2,2,3,4,4,4,4,4,1,1,2,3
48,0,2,male,3,3,3,4,3,3,3,3,3,3,3,4,4,3,3,4,3,1,2,2,1,2,3,4
49,1,12,male,4,1,1,1,1,4,2,1,2,1,4,1,1,1,1,4,2,1,1,1,1,2,3,4
50,0,2,female,3,2,2,1,1,4,3,2,4,3,NA,NA,NA,NA,NA,3,4,1,4,3,1,2,NA,2
51,1,1,male,3,2,3,4,1,4,4,4,4,4,3,2,3,4,2,3,2,2,2,3,1,1,1,3
52,1,16,male,4,1,1,1,1,4,1,1,1,1,3,1,1,1,2,4,1,1,1,1,1,2,2,3
53,1,1,female,4,1,1,1,1,4,1,1,1,1,4,2,1,1,1,4,1,2,1,2,2,3,4,5
54,0,11,male,3,3,1,1,1,4,1,1,1,1,3,3,4,2,4,3,2,2,3,3,1,2,8,8
55,1,16,female,4,1,1,2,4,4,1,1,2,2,3,2,3,3,2,NA,NA,NA,NA,NA,1,2,3,NA
56,0,7,female,4,1,1,2,3,4,1,1,2,1,4,2,1,1,2,3,2,1,1,1,1,2,8,4
57,0,22,male,4,2,1,2,4,3,1,1,2,1,4,1,1,1,1,3,2,1,2,2,1,1,8,2
58,0,22,male,4,NA,1,1,1,3,1,1,2,1,3,2,1,1,2,4,1,2,2,1,1,2,3,4
59,0,17,male,4,1,2,1,2,4,3,2,3,1,3,3,3,3,4,3,2,2,2,2,1,2,2,4
60,1,14,female,3,3,3,2,3,3,2,2,3,1,3,3,2,1,1,NA,NA,NA,NA,NA,2,3,8,NA
61,0,11,male,3,2,1,2,1,3,1,2,3,2,3,2,1,2,1,3,1,1,2,2,1,2,8,8
62,0,22,female,3,3,4,4,4,4,3,4,2,3,4,1,2,1,2,3,2,1,2,3,1,1,1,2
63,0,2,female,3,4,2,4,2,3,2,3,2,3,4,3,3,3,4,3,2,2,2,3,1,1,1,8
64,0,2,female,3,1,1,2,1,NA,NA,NA,NA,NA,NA,NA,NA,NA,NA,NA,NA,NA,NA,NA,1,NA,NA,NA
65,0,6,male,4,3,2,4,2,4,1,1,1,2,4,1,1,1,1,3,2,2,2,3,1,2,8,4
66,0,22,female,4,3,1,3,2,4,2,1,1,1,3,3,1,1,2,3,3,2,2,2,1,1,2,8
67,1,10,male,3,1,1,1,1,3,1,1,2,1,4,3,2,2,2,3,2,2,3,2,1,2,3,4
68,0,8,male,4,3,1,1,1,4,1,1,2,1,3,1,2,2,2,4,2,2,2,2,1,2,3,4
69,0,6,male,3,2,1,1,1,3,1,1,1,1,3,3,1,2,2,4,1,1,2,1,1,1,2,3
70,1,4,male,4,1,2,4,3,4,4,1,4,4,4,1,1,1,1,4,1,1,1,1,2,3,4,5
71,1,1,male,4,1,2,1,2,4,1,1,1,1,4,1,2,1,2,4,1,1,1,1,1,2,3,4
72,1,10,male,3,1,2,4,3,4,2,1,2,4,3,2,4,1,1,4,2,1,1,2,1,2,3,4
73,1,5,male,4,1,1,1,1,3,1,1,1,1,4,1,1,1,1,4,1,1,1,1,1,1,2,3
74,1,26,male,3,2,2,2,2,3,3,4,4,4,4,4,3,4,4,3,4,3,4,4,2,2,3,4
75,1,18,female,4,4,1,1,1,3,4,1,1,1,3,1,4,1,4,3,3,1,1,4,2,3,4,5
76,1,1,female,3,2,1,2,3,3,4,1,2,3,3,2,1,3,3,4,3,1,2,3,1,2,3,4
77,1,14,female,3,1,2,2,1,4,2,1,2,4,4,2,1,1,1,NA,NA,NA,NA,NA,2,3,8,NA
78,0,2,female,3,2,1,1,2,3,1,1,2,3,3,2,1,1,2,3,1,4,1,2,1,2,3,4
79,1,14,female,3,1,2,2,1,3,3,1,3,3,3,2,1,4,1,3,1,1,2,1,2,3,4,5
80,0,8,male,4,1,1,1,1,4,1,1,1,1,4,1,4,2,4,4,4,4,3,4,1,2,3,3
81,0,6,male,4,1,1,1,1,3,2,1,2,4,3,2,1,3,3,4,4,1,4,4,1,2,3,4
82,0,20,female,3,3,2,3,4,3,3,3,3,3,3,4,4,4,4,4,4,4,4,4,1,1,2,8
83,1,1,male,3,2,2,2,2,3,3,2,3,2,3,3,3,3,3,3,3,2,2,2,2,3,4,5
84,0,22,female,3,1,2,2,2,3,2,3,2,2,4,4,1,3,1,NA,NA,NA,NA,NA,2,8,7,NA
85,1,18,female,3,3,1,2,2,3,2,2,1,2,3,2,1,1,1,3,2,2,2,2,1,2,3,8
86,0,11,male,4,1,1,1,1,4,1,1,1,1,3,2,1,2,1,4,1,1,1,1,1,2,2,4
87,0,2,female,4,2,2,4,4,4,1,3,1,2,4,4,3,4,3,4,4,3,3,4,2,2,2,2
88,1,9,male,3,2,2,2,NA,3,2,2,2,2,3,2,2,2,2,3,2,1,2,2,2,3,4,5
89,1,10,male,3,3,1,2,2,3,3,1,3,4,3,2,3,2,3,3,2,3,2,3,2,3,4,5
90,1,12,male,3,2,1,2,2,4,3,1,2,1,3,1,1,2,1,4,2,1,2,1,2,3,4,5
91,1,5,male,3,2,4,2,1,4,2,1,2,2,4,4,1,3,1,3,2,2,1,1,2,3,4,5
92,1,10,male,3,1,1,2,2,3,1,2,2,3,3,4,4,3,4,4,1,2,2,2,1,2,4,4
93,1,13,female,4,4,2,4,2,4,3,3,3,3,4,1,2,1,2,NA,NA,NA,NA,NA,1,2,3,NA
94,0,24,female,3,1,1,1,1,3,2,2,3,2,3,2,2,1,2,3,1,1,2,2,2,2,3,4
95,1,13,male,4,1,1,1,1,3,2,2,2,2,3,2,2,1,2,3,2,2,2,1,2,3,4,4
96,0,21,male,3,3,1,3,2,3,3,2,4,4,3,3,1,3,3,3,2,1,1,4,1,2,3,4
97,1,1,female,4,1,1,1,1,4,1,1,1,1,4,1,1,1,1,3,1,1,1,1,1,2,3,4
98,0,17,male,3,1,1,1,1,4,1,2,2,2,3,2,2,2,2,4,2,1,1,2,1,1,2,3
99,1,18,female,4,3,1,1,1,3,3,1,2,3,4,1,1,1,1,NA,NA,NA,NA,NA,2,2,8,NA
100,1,12,female,3,3,2,4,3,3,3,1,2,2,3,2,2,2,3,4,2,2,2,3,1,2,3,4
101,0,20,female,3,3,1,4,2,3,2,1,2,4,4,2,1,3,2,3,2,1,2,3,2,3,4,8
102,1,18,female,3,3,3,3,3,4,1,1,1,1,4,1,1,1,1,4,1,1,1,1,2,3,4,5
103,1,16,male,3,1,2,NA,NA,4,1,1,1,1,4,1,1,1,2,3,1,1,2,1,1,2,3,4
104,0,25,male,3,1,1,2,2,3,1,2,2,1,3,4,2,1,2,3,2,2,2,1,1,2,8,4
105,1,13,female,3,1,1,1,1,4,2,1,1,1,3,1,2,2,2,3,2,2,2,1,1,2,3,4
106,0,17,male,4,4,1,1,4,NA,NA,NA,NA,NA,3,3,1,1,3,NA,NA,NA,NA,NA,1,NA,2,NA
107,0,23,male,4,2,1,1,1,3,2,3,2,1,3,1,2,2,3,3,2,2,2,1,2,2,4,4
108,1,18,female,4,1,1,1,1,4,1,1,1,1,3,3,2,2,4,3,2,1,2,1,2,3,4,5
109,1,3,female,3,3,1,1,1,3,2,1,2,1,3,2,2,2,2,3,2,3,1,2,2,3,4,5
110,1,12,female,3,1,1,1,1,4,1,1,1,1,4,1,2,1,1,4,1,1,1,1,2,3,4,5
111,0,2,male,4,1,1,1,1,4,1,2,1,3,4,1,1,1,1,4,1,1,1,2,1,1,2,3
112,0,17,female,3,1,2,2,2,4,1,1,1,1,4,1,1,1,1,3,2,2,2,2,1,1,8,1
113,0,24,male,4,2,NA,NA,NA,4,2,2,4,4,4,1,1,1,1,4,2,1,2,2,2,3,1,5
114,0,7,female,4,1,1,4,1,4,1,2,3,3,3,1,1,1,1,NA,NA,NA,NA,NA,2,2,4,NA
115,1,10,male,3,4,4,3,3,4,4,4,4,4,3,2,4,4,4,3,3,4,3,3,1,1,2,3
116,0,15,male,4,2,3,3,3,3,2,1,1,1,3,2,2,4,2,3,2,2,2,2,2,3,4,5
117,1,3,male,4,3,1,1,1,4,4,1,1,1,4,1,1,1,1,4,1,1,1,2,1,2,3,4
118,1,4,male,3,2,2,1,1,3,3,2,3,3,3,2,3,2,2,3,3,3,2,2,2,3,4,5
119,0,15,female,4,1,1,1,2,4,1,1,1,2,4,3,3,3,4,3,1,2,1,2,1,3,3,8
120,0,7,male,3,2,2,3,4,4,3,1,2,3,3,2,3,2,4,3,2,2,2,3,1,2,8,8
121,0,21,female,4,2,1,1,1,4,1,1,1,1,3,1,1,2,3,4,4,1,1,1,1,2,3,4
122,1,18,male,4,1,1,1,2,3,3,3,2,2,4,1,4,1,1,3,2,2,1,4,1,2,3,4
123,0,11,female,4,1,1,1,1,4,1,1,1,1,4,1,1,1,1,3,1,4,3,2,2,3,8,5
124,0,20,female,4,1,1,1,1,4,1,1,1,1,4,2,1,1,1,NA,NA,NA,NA,NA,1,1,4,NA
125,0,22,female,3,2,2,3,2,3,3,3,3,2,4,1,1,1,1,NA,NA,NA,NA,NA,2,8,4,NA
126,1,26,female,3,2,2,4,2,3,3,2,3,2,4,1,1,1,1,3,4,2,1,2,1,2,8,7
127,0,2,female,3,2,1,2,2,3,3,2,3,2,3,3,2,3,3,3,3,3,3,3,2,3,4,4
128,0,24,female,3,2,2,2,2,3,2,2,2,3,3,2,2,2,3,3,3,3,3,3,2,2,3,8
129,1,3,male,4,1,2,1,2,4,1,1,1,2,3,3,1,1,1,3,2,2,1,1,2,3,4,5
130,0,8,female,4,3,2,2,2,3,2,1,2,1,4,4,4,4,4,3,3,3,4,3,2,3,4,5
131,0,2,female,3,2,2,2,4,3,4,4,4,4,3,2,1,2,3,3,1,1,1,2,1,2,3,4
132,1,18,male,3,2,2,2,2,3,1,1,2,1,3,1,1,1,1,NA,NA,NA,NA,NA,2,2,3,NA
133,1,10,male,3,2,1,2,2,3,3,2,2,1,4,2,1,1,1,NA,1,1,1,1,2,3,4,5
134,1,18,male,3,2,2,2,1,4,4,3,3,2,3,1,3,1,3,3,3,4,3,3,2,3,4,5
135,0,20,male,3,3,2,2,1,3,2,2,2,1,3,2,3,3,3,3,3,3,2,3,2,3,4,5
136,0,15,female,3,2,4,2,1,4,1,2,1,2,3,2,4,4,2,3,2,4,2,4,2,3,4,5
137,0,23,female,4,1,2,2,2,3,3,2,2,2,3,3,2,3,2,3,3,3,3,1,2,3,4,5
138,0,23,male,3,2,2,2,2,3,1,3,4,2,4,2,1,2,1,4,4,3,4,4,1,2,2,4
139,0,2,male,3,2,1,3,3,4,1,1,1,4,4,1,1,2,1,4,1,4,1,4,1,2,8,4
140,0,22,male,3,1,1,4,1,3,1,3,4,3,3,3,2,3,2,3,2,2,2,2,1,2,3,5
141,1,1,male,4,1,1,1,1,4,1,1,1,2,4,1,1,1,1,4,1,1,1,1,1,2,3,4
142,0,11,male,3,4,2,1,4,4,1,1,1,1,4,1,2,1,1,4,2,1,2,3,1,1,1,2
143,0,25,male,3,2,1,2,1,3,2,1,1,2,3,2,2,2,2,3,2,1,2,2,2,3,4,5
144,1,10,male,NA,1,1,1,1,3,1,1,3,2,NA,3,1,2,1,3,2,1,3,2,1,1,2,8
145,0,25,male,4,4,4,4,4,4,2,1,2,2,3,4,3,4,4,3,4,3,3,4,2,1,2,3
146,1,1,male,4,2,1,1,1,3,2,2,3,2,3,1,1,1,1,4,1,1,1,1,2,3,4,5
147,1,19,female,4,1,1,3,1,3,2,2,2,2,3,2,2,1,1,3,2,2,2,1,2,7,7,8
148,1,16,female,3,1,1,1,1,3,1,1,1,1,4,1,1,1,1,3,3,2,3,2,1,2,3,4
149,0,22,female,3,1,1,1,2,4,3,1,1,2,3,2,1,2,3,4,2,1,3,3,1,8,2,8
150,0,24,male,4,1,1,2,2,4,1,1,3,2,4,2,1,4,3,3,2,1,2,2,2,2,4,4
151,1,12,male,4,1,1,1,1,4,1,1,1,1,4,1,1,1,1,3,1,1,1,1,1,2,7,7
152,0,24,female,3,2,1,2,1,3,1,1,1,2,4,1,2,2,2,NA,NA,NA,NA,NA,1,8,3,NA
153,1,9,female,3,2,1,1,2,3,2,1,2,2,3,2,3,1,2,3,2,1,1,3,2,3,4,5
154,1,4,female,4,2,1,2,1,4,3,1,1,4,4,1,4,4,1,4,1,2,1,1,1,1,1,2
155,1,12,female,4,2,2,3,2,3,4,1,1,2,3,2,2,3,2,4,2,3,4,1,1,2,2,2
156,0,6,female,4,4,4,4,4,4,1,3,4,4,3,3,3,3,4,3,2,3,2,3,2,3,4,5
157,1,19,female,3,2,1,2,2,3,2,1,1,2,4,1,1,1,1,NA,NA,NA,NA,NA,1,2,8,NA
158,1,14,male,4,1,1,1,2,4,1,3,1,1,3,2,1,1,1,4,1,1,1,1,2,3,4,5
159,0,11,female,3,2,1,2,2,3,1,1,2,1,3,1,1,1,2,3,3,2,3,3,2,3,4,5
160,1,13,male,3,3,1,2,2,3,3,2,2,2,3,3,2,3,3,4,3,2,3,4,1,2,3,4
161,0,6,female,3,1,1,1,1,4,1,1,1,1,4,2,1,1,1,3,2,1,2,2,1,2,8,8
162,0,22,female,4,2,3,1,3,3,2,2,2,2,3,2,2,2,2,3,2,2,2,1,2,2,8,8
163,0,20,male,4,1,1,2,1,4,1,1,2,3,4,1,2,2,2,3,2,2,2,2,2,3,4,5
164,1,14,female,4,1,1,NA,NA,4,1,1,1,1,4,1,2,3,1,3,2,1,1,2,1,2,3,4
165,0,20,male,3,2,1,3,2,4,3,1,4,2,4,1,1,1,1,3,1,1,4,2,1,2,3,4
166,0,6,male,3,2,2,2,2,4,1,1,1,1,4,3,1,1,1,3,2,2,2,3,2,7,7,8
167,1,19,female,3,1,1,3,2,3,1,1,3,1,4,1,1,1,1,3,2,2,2,3,1,3,8,7
168,0,11,female,3,3,1,3,4,3,4,4,4,4,3,2,4,2,4,3,1,2,2,2,1,2,8,3
169,0,22,male,3,1,4,2,3,3,1,1,3,2,3,2,2,2,2,4,1,1,2,2,1,1,1,2
170,1,9,male,4,1,1,1,1,4,1,1,1,1,3,2,3,2,2,4,1,1,2,1,1,1,2,7
171,0,17,male,4,3,2,3,2,3,3,2,2,3,3,3,1,2,2,3,3,2,2,3,2,3,4,5
172,0,2,female,3,2,1,1,1,4,1,1,1,1,4,1,1,1,1,3,4,2,3,2,1,3,4,3
173,1,9,male,3,3,4,2,4,3,4,1,4,2,4,1,1,1,4,3,2,1,1,2,1,1,2,3
174,1,19,male,4,1,1,3,1,3,2,2,2,2,3,3,1,3,1,3,2,2,2,2,1,2,3,4
175,0,21,female,3,1,1,1,4,4,3,1,1,1,3,2,3,2,3,4,1,1,1,1,1,1,3,8
176,0,25,female,3,1,1,1,1,4,2,1,1,1,4,1,2,1,2,4,2,1,2,1,1,2,2,8
177,0,2,female,3,4,2,2,3,4,3,3,4,4,3,2,1,2,2,3,2,2,2,3,1,1,2,3
178,0,7,male,3,2,2,2,3,4,4,2,4,4,NA,NA,NA,NA,NA,4,1,1,2,2,1,2,NA,3
179,1,13,male,3,2,1,2,2,3,3,1,4,3,3,3,1,3,4,3,3,1,3,3,1,2,3,4
180,0,2,male,3,4,4,4,4,4,4,4,4,4,3,3,3,3,3,3,4,3,4,3,1,2,3,8
181,1,3,male,4,2,1,4,1,3,2,1,4,4,3,1,3,1,4,3,4,4,4,4,2,2,3,4
182,0,22,female,3,2,3,3,2,3,4,4,3,2,4,2,1,2,1,3,4,3,2,4,2,7,7,2
183,1,13,male,3,1,1,3,2,3,2,2,2,3,3,1,1,1,1,3,3,NA,4,4,1,1,2,3
184,1,13,male,3,2,1,2,1,3,1,3,1,3,3,1,2,2,1,3,1,2,2,1,2,3,4,5
185,0,22,male,4,1,1,1,4,3,4,2,2,2,NA,NA,NA,NA,NA,4,2,2,2,3,1,2,NA,4
186,0,25,male,3,3,2,4,4,4,1,2,2,2,3,2,2,3,2,4,1,1,1,1,2,3,4,5
187,1,9,male,3,2,2,2,2,3,4,2,2,2,3,4,4,4,4,3,2,2,2,2,1,2,3,4
188,1,10,male,4,4,2,4,3,3,3,2,3,3,4,2,1,2,1,3,3,2,3,2,1,2,2,4
189,1,19,male,3,2,1,3,3,4,1,1,1,1,3,1,1,1,2,3,1,1,1,2,1,7,7,7
190,0,2,female,4,1,1,1,2,4,2,2,2,2,4,1,1,1,1,3,2,1,2,2,1,1,2,3
191,0,7,male,4,2,2,2,3,4,2,3,3,2,4,2,1,1,1,3,2,2,2,2,1,2,4,8
192,1,13,male,3,1,1,1,1,4,1,1,2,1,3,3,2,3,2,NA,NA,NA,NA,NA,1,2,8,NA
193,0,25,male,3,2,1,3,1,4,1,2,2,2,4,1,1,1,1,3,2,2,2,2,2,8,8,8
194,0,15,female,3,2,3,4,3,3,2,2,2,2,3,2,1,2,2,3,2,2,2,1,2,2,3,4
195,0,8,male,4,4,1,3,1,3,3,2,3,2,4,1,1,1,1,3,3,1,1,2,1,2,4,8
196,1,10,female,3,1,1,1,1,4,2,1,2,2,3,3,1,1,2,3,4,2,2,2,1,1,2,3
197,0,11,female,4,3,1,2,3,4,3,3,3,4,3,2,4,2,4,4,4,4,1,1,1,2,8,8
198,1,10,female,3,2,4,2,4,4,4,4,4,4,4,4,4,4,4,4,4,2,4,4,2,3,4,5
199,1,16,male,4,1,4,1,1,4,1,2,2,3,3,2,1,1,2,3,1,1,3,2,2,2,3,4
200,1,16,female,4,1,1,1,2,4,2,2,2,2,3,2,1,2,2,3,2,1,1,1,2,3,4,5
201,1,18,male,3,2,1,1,1,4,2,1,2,2,4,3,1,1,1,4,1,1,1,1,1,2,3,4
202,1,14,male,4,3,1,3,3,3,3,1,3,4,3,4,3,4,4,3,3,3,2,1,2,3,4,5
203,0,17,male,3,2,1,2,2,4,2,1,2,4,3,2,1,4,2,3,2,2,2,3,2,1,2,3
204,0,23,male,4,4,1,4,3,4,4,4,4,4,4,1,1,1,1,3,1,1,1,1,1,1,2,3
205,0,6,female,4,2,2,2,2,3,1,2,2,1,3,2,2,3,3,3,4,4,3,4,1,1,2,3
206,0,23,female,4,2,1,4,1,3,2,3,4,2,4,1,1,1,1,3,1,1,1,1,1,2,8,4
207,1,14,male,4,2,1,1,1,3,1,2,1,2,3,2,2,2,2,3,1,2,2,3,1,1,2,8
208,1,14,female,4,2,1,4,1,4,1,1,1,3,4,1,1,1,1,NA,NA,NA,NA,NA,1,2,8,NA
209,1,10,female,3,3,4,4,4,4,3,4,1,3,4,4,4,4,4,3,2,2,2,2,2,3,4,5
210,1,4,male,NA,1,1,1,NA,3,2,3,2,2,4,1,1,1,1,4,1,1,1,1,1,2,3,4
211,1,13,male,4,1,1,1,1,4,1,1,1,1,3,1,2,2,1,4,2,1,1,1,2,3,4,5
212,1,19,male,3,2,4,4,4,3,4,1,4,4,3,3,1,3,3,3,3,3,3,3,2,3,4,5
213,1,16,male,4,1,3,4,3,3,4,4,4,4,3,2,4,4,4,3,1,4,4,3,1,1,2,3
214,0,11,female,4,1,1,2,1,4,1,1,1,1,3,2,4,2,4,4,2,1,1,1,1,2,8,8
215,1,1,female,4,1,1,1,1,4,1,1,1,2,3,1,1,1,1,4,1,1,1,1,2,3,4,5
216,1,5,female,3,1,1,1,1,4,1,1,1,1,3,2,1,1,1,4,1,1,1,1,1,1,7,2
217,1,13,male,4,1,2,2,2,3,3,1,2,2,3,3,2,1,1,3,2,1,2,1,1,2,3,4
218,1,10,male,4,1,2,1,1,3,2,1,2,4,3,2,1,2,2,3,1,1,1,1,1,1,2,3
219,0,6,male,4,1,1,2,2,4,2,1,1,1,4,2,2,4,3,3,2,1,2,1,2,3,4,5
220,0,22,female,4,3,2,3,3,4,4,3,1,1,4,1,2,1,1,4,4,4,2,3,2,8,3,8
221,0,15,female,3,2,1,3,3,3,3,1,3,3,3,2,1,2,3,4,2,1,4,4,2,2,3,4
222,1,16,male,3,4,4,4,3,3,3,2,3,1,3,3,1,3,2,4,3,1,2,2,1,2,7,7
223,1,10,female,4,1,1,2,3,4,1,2,1,1,3,2,1,1,1,3,3,3,3,3,1,2,3,4
224,0,20,male,3,3,1,3,1,3,3,1,3,2,4,1,1,1,1,3,1,2,2,2,2,3,3,5
225,1,4,male,4,2,2,2,2,3,2,1,2,2,3,3,3,3,3,3,4,1,1,2,2,3,7,7
226,0,11,male,4,3,1,1,3,4,1,1,1,1,3,4,4,3,4,3,1,1,3,2,2,8,4,8
227,1,10,male,4,1,1,1,2,4,1,1,1,2,4,2,1,1,1,4,1,1,1,1,1,2,4,4
228,0,23,male,3,2,1,1,1,3,1,1,2,1,4,2,1,1,1,4,2,1,3,3,2,3,3,5
229,0,8,male,3,1,2,1,1,4,2,1,1,1,3,2,1,1,1,3,2,3,3,2,2,999,8,8
230,0,17,male,3,2,1,3,3,3,2,1,2,2,4,1,1,1,2,3,2,3,4,2,2,7,8,8
231,0,24,male,4,1,1,1,1,4,1,1,1,1,NA,NA,NA,NA,NA,NA,NA,NA,NA,NA,1,2,NA,NA
232,0,17,male,3,4,3,3,2,3,3,2,2,2,3,3,3,3,3,3,3,3,3,3,2,2,3,4
233,1,26,female,3,2,1,2,1,4,1,1,1,1,3,2,1,2,2,3,2,2,2,2,2,3,4,5
234,0,23,male,3,3,1,3,2,3,1,2,2,2,4,3,3,3,3,3,2,2,2,2,1,2,3,4
235,1,5,female,3,2,1,2,2,3,2,1,2,2,3,1,1,1,1,3,3,3,4,3,2,3,4,4
236,1,1,male,3,1,1,4,3,4,1,1,1,1,4,4,4,4,4,3,1,2,1,1,1,8,8,7
237,0,7,female,4,4,4,4,4,3,4,4,4,4,3,4,4,4,4,3,3,4,3,3,1,1,2,3
238,0,8,male,3,1,1,2,1,3,1,1,1,2,3,1,1,2,1,4,2,1,1,1,2,3,4,5
239,1,10,male,3,2,2,4,2,3,2,1,3,2,4,1,1,1,1,4,1,1,1,1,2,3,4,5
240,0,8,female,4,1,3,2,4,3,1,3,4,1,3,1,1,1,1,3,3,1,1,1,1,2,4,3
241,1,12,male,4,1,2,1,1,4,1,4,4,4,4,1,2,2,2,4,2,2,2,2,1,2,3,4
242,0,7,male,3,1,4,1,4,3,4,4,4,4,4,3,1,1,1,4,1,1,1,1,1,2,8,4
243,0,11,male,4,1,1,2,1,3,3,2,2,3,4,2,1,2,1,4,1,3,3,4,2,8,2,2
244,0,11,male,3,3,1,3,1,3,3,2,2,2,4,2,3,2,3,3,3,2,3,2,1,2,8,8
245,0,22,male,4,1,3,3,2,4,2,4,3,4,3,1,1,1,1,4,1,2,1,2,1,2,3,8
246,0,2,male,3,3,1,3,4,3,2,1,2,2,3,2,1,2,2,3,2,1,3,3,1,8,1,2
247,0,24,female,4,1,2,2,2,4,2,1,1,1,3,3,2,2,2,3,2,3,1,2,1,2,3,4
248,0,8,female,3,4,4,4,4,4,3,4,3,3,NA,NA,NA,NA,NA,4,3,4,4,4,1,2,NA,8
249,0,15,male,3,1,1,3,1,3,1,1,1,3,4,2,1,2,1,4,3,1,4,4,1,2,8,8
250,1,12,female,3,3,1,4,2,4,2,2,1,1,4,2,1,1,1,4,1,1,1,1,2,3,4,5
251,1,9,male,3,3,1,2,4,3,2,3,2,2,3,4,1,2,2,4,4,2,2,3,1,2,3,4
252,1,5,female,3,1,2,1,3,3,2,2,2,2,3,3,2,3,1,4,2,1,1,1,1,2,3,4
253,0,22,female,4,1,1,2,1,4,4,1,2,1,4,1,1,1,2,4,2,1,2,2,1,2,3,3
254,1,10,female,3,1,2,1,2,3,1,2,2,2,3,2,2,2,3,3,3,2,3,2,1,1,2,3
255,1,12,male,3,2,4,4,4,4,3,2,4,4,4,4,1,3,4,3,3,2,3,3,1,2,7,7
256,0,17,male,4,1,2,1,1,4,1,2,2,2,3,2,2,2,2,3,2,2,2,2,1,2,3,4
257,1,4,female,4,1,1,3,3,3,2,2,2,1,3,2,2,1,1,NA,NA,NA,NA,NA,2,3,4,NA
258,1,10,female,4,1,1,1,1,4,2,2,4,4,3,2,1,2,1,3,3,2,4,3,1,2,3,4
259,0,21,male,3,1,1,2,1,3,3,3,3,3,3,3,3,3,3,3,3,2,2,2,2,3,5,5
260,1,10,female,3,3,3,1,3,3,2,1,2,1,3,2,1,3,2,3,2,2,2,2,2,3,4,5
261,0,17,male,3,NA,1,1,1,4,1,1,1,2,4,2,1,1,2,3,2,1,1,1,2,3,4,5
262,1,5,female,3,2,2,4,4,3,3,4,1,3,4,1,1,1,1,4,3,4,4,4,2,1,2,8
263,0,11,female,3,2,2,1,3,3,2,2,2,3,3,3,2,3,4,3,3,2,3,2,1,2,3,4
264,0,8,female,4,2,1,2,2,4,1,2,2,1,4,1,1,2,2,4,2,3,2,1,2,1,2,3
265,0,24,male,3,2,1,2,1,3,2,1,1,1,4,1,1,3,1,3,1,2,2,2,1,1,2,3
266,1,13,female,3,3,3,3,3,3,4,2,4,4,3,3,4,3,4,4,4,3,4,4,2,3,8,8
267,0,25,female,4,2,4,4,4,3,2,1,2,1,3,1,1,1,1,NA,NA,NA,NA,NA,2,3,4,NA
268,1,5,male,3,3,1,1,NA,3,2,1,2,1,4,1,1,1,1,NA,NA,NA,NA,NA,2,3,4,NA
269,1,1,male,3,3,3,3,3,4,2,1,2,2,NA,NA,NA,NA,NA,NA,NA,NA,NA,NA,1,2,NA,NA
270,0,2,female,4,3,1,3,3,3,4,3,2,3,3,2,3,2,3,3,2,4,3,2,1,2,3,4
271,1,4,female,3,2,2,3,2,3,2,1,2,1,3,2,2,3,1,3,2,1,2,1,2,3,4,5
272,1,1,female,4,1,1,1,1,4,1,4,1,4,4,2,1,3,2,3,2,2,1,4,2,3,4,5
273,0,24,female,4,1,1,1,1,3,3,1,4,4,3,4,1,4,4,3,2,4,1,4,1,1,2,3
274,1,13,male,3,2,2,2,2,3,2,2,2,2,3,2,2,1,2,4,3,2,3,3,1,2,3,4
275,0,15,female,4,1,2,2,1,3,2,2,2,1,3,2,2,3,2,3,4,2,2,4,1,1,2,3
276,0,22,male,4,1,1,2,2,4,4,1,3,1,3,4,1,4,2,4,3,1,1,1,1,2,3,4
277,0,21,male,4,4,4,4,4,4,4,1,4,2,3,3,1,1,1,3,2,1,2,3,2,3,4,5
278,1,18,male,4,1,1,4,4,3,2,2,2,2,4,4,4,1,2,4,1,2,4,4,1,1,2,3
279,0,24,female,3,2,1,2,1,NA,NA,NA,NA,NA,3,2,2,1,1,NA,NA,NA,NA,NA,2,NA,4,NA
280,1,16,female,3,2,1,3,3,3,3,2,3,4,3,1,2,2,2,3,1,1,2,2,1,2,7,7
281,1,9,male,3,2,2,2,2,4,1,1,2,1,3,1,1,1,2,4,1,1,2,1,2,3,4,5
282,1,13,female,3,1,1,2,1,3,2,1,2,1,3,2,1,1,1,3,3,1,1,1,2,3,4,5
283,1,18,male,3,1,2,1,1,3,1,1,1,1,3,2,1,1,1,4,2,1,1,1,2,3,4,5
284,0,15,female,3,1,1,1,3,4,1,1,1,2,3,2,3,2,3,3,2,2,1,1,2,8,3,4
285,0,2,male,3,3,3,3,3,4,2,1,2,1,3,3,4,3,4,4,2,4,2,2,1,2,8,8
286,0,7,female,3,2,1,2,2,4,1,1,1,1,3,2,2,2,2,3,2,1,2,2,2,3,4,5
287,1,1,male,3,3,4,4,4,3,4,4,4,4,4,4,4,4,4,3,1,4,2,4,1,2,3,4
288,1,13,female,4,1,2,2,2,4,1,2,2,2,4,1,1,2,2,NA,NA,NA,NA,NA,1,2,8,NA
289,0,25,female,4,4,4,4,2,3,2,1,1,1,4,2,1,3,4,3,3,1,3,3,1,2,8,2
290,1,3,female,4,3,1,1,2,3,2,1,2,3,3,2,2,3,3,3,1,2,1,3,1,2,8,7
291,0,25,male,3,2,2,3,1,4,1,1,1,1,3,3,1,2,2,3,3,3,2,2,1,2,2,4
292,0,15,male,3,1,1,1,1,3,1,2,1,1,4,1,1,1,1,4,2,2,2,2,1,2,3,4
293,1,14,female,3,1,2,2,1,3,2,2,2,2,3,2,1,2,2,3,2,1,3,2,2,3,4,5
294,1,10,female,4,1,1,2,1,3,4,4,4,4,4,3,4,4,3,3,2,2,1,4,1,1,2,3
295,0,21,female,4,1,1,1,2,4,2,2,1,1,3,2,2,4,4,3,2,1,3,1,1,2,8,8
296,0,23,male,4,3,3,3,3,3,4,1,3,2,3,3,4,2,3,4,1,3,2,4,2,3,4,5
297,1,19,male,3,1,1,2,1,3,3,1,2,1,3,1,1,2,1,3,2,2,2,2,1,2,3,4
298,1,26,female,3,2,1,2,3,3,3,2,3,2,3,3,3,3,1,3,3,3,3,3,2,3,4,5
299,0,15,female,4,1,1,1,2,3,1,1,2,2,4,1,1,2,2,3,2,3,3,4,2,8,8,2
300,0,7,male,4,1,2,1,1,3,2,1,2,1,4,1,3,4,4,4,4,4,4,4,2,3,4,5
301,1,9,female,3,1,2,2,2,3,3,2,2,2,3,2,2,2,2,3,2,2,2,2,2,3,4,5
302,1,9,female,3,4,1,3,2,4,4,2,4,2,4,3,3,4,2,4,2,1,3,4,1,1,1,2
303,0,7,male,3,2,4,3,3,3,3,4,3,3,4,3,1,2,4,3,3,4,1,1,1,2,3,4
304,0,23,female,3,2,1,2,2,3,3,1,1,1,3,3,2,2,2,3,2,2,2,2,2,3,3,5
305,1,4,male,3,1,1,1,1,4,1,2,2,2,3,1,1,4,2,4,1,2,2,1,1,1,2,2
306,1,16,male,4,2,1,2,2,3,1,4,2,2,3,3,2,3,2,3,2,2,2,2,2,3,7,7
307,1,26,female,4,2,2,2,1,4,2,1,2,1,4,1,1,1,1,4,1,1,1,1,1,2,2,3
308,0,2,male,3,3,1,3,3,4,4,4,4,4,4,4,4,4,4,4,4,4,4,4,2,3,3,5
309,1,14,male,4,2,1,2,2,4,1,1,2,1,3,3,1,3,3,3,3,1,1,1,1,1,2,3
310,0,7,female,4,1,1,2,1,3,2,1,2,2,4,1,2,1,2,3,2,1,3,3,1,1,4,3
311,0,21,female,4,3,1,2,4,3,2,1,2,2,3,2,3,2,2,NA,NA,NA,NA,NA,1,2,3,NA
312,1,9,female,3,2,2,2,2,3,4,1,2,2,4,2,1,3,2,3,1,1,1,1,2,3,4,4
313,0,25,male,3,1,1,1,1,4,1,1,1,1,4,1,1,1,1,3,2,3,4,1,2,2,4,4
314,0,25,male,3,2,1,3,2,3,2,1,2,2,4,2,1,3,3,4,2,1,1,1,1,2,8,2
315,0,2,male,3,2,1,2,1,3,2,1,2,1,4,2,1,2,1,3,2,2,2,1,2,3,8,7
316,1,19,male,4,1,4,1,1,4,1,3,4,4,3,3,1,3,1,3,2,1,2,1,2,7,7,2
317,0,21,male,4,1,1,1,1,4,1,1,1,1,3,3,3,3,3,3,1,2,2,2,1,2,3,5
318,1,19,female,4,1,1,1,1,3,3,1,2,1,3,1,2,1,2,3,1,2,2,2,2,3,4,5
319,0,11,male,3,2,1,1,2,4,1,3,1,2,4,2,3,2,3,3,1,1,2,4,2,8,8,8
320,0,11,female,4,1,1,1,1,3,2,2,2,1,4,2,1,3,4,3,3,2,4,3,1,2,3,8
321,0,11,female,3,3,3,2,3,3,3,3,3,3,3,4,4,1,3,4,4,4,4,4,2,3,4,5
322,1,19,female,3,2,1,3,2,3,2,1,2,2,3,2,1,3,2,3,3,1,2,3,2,3,4,5
323,1,16,male,4,1,1,1,1,3,2,1,2,4,4,1,2,1,1,4,1,2,1,1,2,3,4,5
324,1,3,male,4,1,4,2,2,3,3,1,1,1,3,2,1,1,1,3,1,1,1,1,2,1,4,5
325,1,12,male,4,1,1,1,1,3,2,1,1,1,4,2,1,2,1,3,3,3,3,3,1,2,3,4
326,0,25,female,3,3,4,3,2,4,1,1,1,1,3,2,1,1,1,3,1,2,3,3,2,3,4,5
327,0,24,female,4,1,1,1,1,4,1,1,1,2,3,1,1,2,1,3,1,2,2,3,1,8,3,8
328,0,15,male,3,2,3,2,3,3,2,1,1,1,4,1,1,1,2,3,2,1,1,1,2,3,4,5
329,0,23,female,3,2,2,2,1,3,1,1,1,1,3,3,1,1,1,4,1,2,1,2,2,3,4,5
330,0,2,male,3,1,1,1,1,NA,NA,NA,NA,NA,NA,NA,NA,NA,NA,NA,NA,NA,NA,NA,1,NA,NA,NA
331,1,12,male,4,3,1,3,2,3,2,1,2,1,3,2,2,1,2,4,2,1,1,1,1,2,3,4
332,0,24,female,4,1,1,1,1,4,1,1,1,1,NA,NA,NA,NA,NA,4,3,1,3,1,2,8,NA,3
333,1,1,female,3,2,2,2,1,4,2,1,1,1,4,1,1,1,1,4,1,1,1,1,2,3,4,5
334,1,18,female,4,1,1,1,1,3,NA,1,3,2,3,2,3,2,2,3,2,2,1,2,1,2,3,5
335,0,23,female,4,1,1,1,1,3,2,1,1,1,4,1,1,1,1,4,4,1,1,1,1,1,2,3
336,0,17,female,3,1,3,2,1,3,3,2,2,3,3,2,2,2,2,3,2,3,2,4,2,3,4,5
337,1,18,female,3,4,4,1,4,3,1,3,3,4,4,3,3,2,2,4,3,2,3,3,1,1,2,3
338,1,1,female,4,3,1,2,3,3,2,2,2,2,3,2,2,2,2,4,4,4,4,4,1,1,2,3
339,1,18,female,3,2,2,1,1,3,2,2,2,1,3,1,2,2,1,3,1,2,2,2,1,2,8,8
340,1,4,female,4,1,1,1,2,4,1,2,1,1,4,1,1,1,1,4,1,1,1,1,1,2,2,3
341,1,4,female,3,3,2,2,2,4,1,1,1,1,4,1,2,1,2,3,2,2,3,2,2,8,8,5
342,0,6,female,3,1,1,2,2,NA,NA,NA,NA,NA,NA,NA,NA,NA,NA,NA,NA,NA,NA,NA,1,NA,NA,NA
343,0,6,female,3,2,2,2,4,3,2,2,2,3,3,4,4,4,4,3,3,1,3,3,1,1,1,3
344,0,21,female,3,4,3,1,3,3,2,2,1,3,4,1,1,1,1,4,4,2,1,1,1,2,2,3
345,1,14,female,4,3,4,3,3,3,4,2,4,4,3,3,3,3,3,3,2,2,2,2,2,1,2,3
346,1,10,male,3,2,4,4,4,4,3,3,4,2,3,3,4,4,2,3,2,1,1,1,1,2,3,4
347,1,14,female,4,2,1,2,1,3,2,1,4,1,3,2,1,1,2,4,1,1,1,1,2,3,4,5
348,0,2,female,4,1,1,2,3,NA,NA,NA,NA,NA,4,2,1,4,4,4,3,1,1,4,1,NA,3,3
349,0,8,female,4,1,1,2,1,4,1,1,2,1,4,1,1,1,1,4,1,1,1,1,1,1,2,3
350,0,23,female,4,3,4,4,4,3,3,1,1,1,4,2,1,1,1,4,1,1,1,1,2,3,4,4
351,0,2,male,4,2,1,2,1,4,2,1,1,1,3,3,2,3,2,3,1,2,2,2,2,3,8,8
352,1,18,female,4,1,1,1,1,3,2,2,1,1,4,1,2,1,1,4,1,1,1,1,2,3,4,5
353,0,8,female,4,1,1,2,1,4,2,1,1,4,4,1,1,1,1,4,3,2,1,4,1,1,2,3
354,0,2,male,3,4,4,4,4,3,2,3,2,3,4,3,3,3,3,3,3,4,2,4,2,1,2,3
355,0,17,male,3,2,3,4,3,4,4,3,4,4,3,3,3,3,4,4,4,4,4,4,2,3,4,5
356,1,19,female,4,2,1,1,1,4,2,1,1,3,4,2,1,3,4,3,3,1,1,2,1,2,3,4
357,0,22,female,3,3,4,4,3,4,4,3,3,3,4,2,1,3,4,3,3,3,3,2,1,1,7,8
358,1,3,male,3,2,2,2,4,4,4,4,4,4,4,1,3,3,3,4,4,4,4,4,1,2,3,4
359,0,24,male,4,1,1,1,2,4,1,2,2,1,4,1,1,1,1,4,1,2,1,1,1,2,4,3
360,1,9,female,3,2,1,2,1,3,2,2,2,1,4,4,1,4,4,4,4,4,4,4,1,1,2,3
361,0,22,female,3,3,2,3,3,3,4,1,4,4,3,2,1,3,3,3,2,2,2,2,1,1,2,3
362,1,14,female,3,2,2,2,2,4,1,1,1,1,4,2,1,1,1,NA,NA,NA,NA,NA,2,8,8,NA
363,0,17,female,3,2,2,2,2,3,1,2,2,2,3,3,1,3,1,3,2,2,1,2,1,2,3,4
364,0,7,male,4,2,1,1,1,3,2,1,2,3,3,2,2,2,3,4,3,3,2,2,2,3,4,4
365,0,17,female,4,2,2,2,1,4,2,1,1,1,4,1,1,1,1,4,2,2,1,1,2,3,4,5
366,0,22,male,3,3,3,4,4,4,2,2,2,2,4,1,1,1,1,4,2,1,2,1,2,NA,3,5
367,1,13,male,4,3,2,2,1,4,1,2,2,3,4,1,1,1,1,3,1,1,2,1,1,2,8,3
368,1,10,male,3,3,1,3,1,3,2,2,1,4,4,1,1,1,1,3,2,4,3,3,1,1,3,3
369,0,15,female,3,4,4,4,3,4,1,1,1,1,4,2,1,3,4,NA,NA,NA,NA,NA,2,3,7,NA
370,1,5,male,4,2,2,4,4,3,3,2,2,2,3,3,3,2,2,3,3,2,2,2,1,2,3,4
371,0,24,male,3,2,3,3,2,3,3,3,2,2,3,2,3,3,2,3,1,1,1,1,1,1,2,3
372,0,22,female,3,1,1,1,2,3,2,2,2,2,3,3,2,2,2,3,2,3,3,3,1,2,3,8
373,1,10,male,3,3,2,2,3,3,4,4,4,4,3,2,2,3,3,3,2,1,2,3,1,1,2,3
374,0,25,female,4,4,1,4,4,3,1,1,1,2,4,1,2,1,1,NA,NA,NA,NA,NA,2,8,3,NA
375,0,6,female,4,1,1,1,1,4,1,1,1,1,3,2,2,2,4,3,2,2,3,2,1,2,3,4
376,1,16,male,3,2,1,1,1,3,1,1,2,2,4,1,1,1,1,3,1,1,2,2,2,2,8,8
377,0,21,male,3,3,3,3,4,3,3,2,3,2,3,3,3,3,3,4,2,1,2,1,1,2,3,8
378,1,9,male,4,1,2,2,1,4,4,1,4,1,4,1,1,1,1,4,1,1,1,1,1,1,2,3
379,0,22,male,3,1,1,1,1,3,1,1,2,1,3,2,2,3,2,3,1,1,3,2,1,2,4,4
380,0,8,female,3,1,1,2,2,4,2,1,1,2,4,3,3,3,4,3,2,2,2,2,1,2,3,2
381,1,13,male,4,1,1,1,2,4,1,1,1,2,3,2,1,1,1,3,2,2,2,2,2,3,4,5
382,1,3,male,3,2,2,2,3,4,2,3,3,3,4,2,2,2,2,4,2,1,2,2,2,8,3,4
383,0,24,male,4,1,2,2,2,4,1,1,1,1,3,2,1,1,1,3,4,3,2,4,1,2,3,4
384,1,9,female,4,2,1,1,1,3,1,2,1,1,3,2,2,1,2,3,2,1,1,1,1,1,2,3
385,0,24,male,3,2,3,4,3,3,2,2,4,2,4,1,2,1,2,3,4,3,3,3,2,1,7,3
386,0,7,male,3,2,2,2,4,4,1,1,1,2,3,2,3,2,3,3,3,1,3,3,2,3,4,5
387,0,2,male,3,2,2,3,3,3,2,1,1,1,3,2,1,2,2,3,3,1,1,2,1,1,2,3
388,1,9,male,4,3,1,3,1,3,2,1,2,1,4,2,2,2,2,4,2,1,2,2,2,3,4,5
389,0,8,male,4,1,1,1,3,3,4,4,4,4,3,4,4,3,4,3,3,3,4,4,1,2,4,4
390,1,18,male,4,2,1,3,2,3,3,1,2,1,3,1,2,1,2,3,4,4,4,4,2,3,5,5
391,1,26,female,3,2,1,4,1,3,4,4,4,4,3,4,1,2,4,4,2,NA,2,1,1,2,3,4
392,0,11,male,4,1,1,2,3,4,1,1,2,3,3,2,1,3,2,3,1,1,4,2,1,1,2,3
393,0,23,male,3,3,1,1,1,3,3,1,1,1,3,3,4,3,3,4,2,2,1,2,1,2,7,7
394,0,22,female,3,4,2,4,1,4,4,3,4,4,3,4,2,3,4,4,4,4,4,4,1,1,8,8
395,0,11,male,4,1,1,1,1,4,1,1,1,1,3,2,1,2,2,3,2,1,2,1,1,2,1,2
396,1,13,male,3,1,2,2,2,3,2,2,2,1,3,3,3,1,1,3,1,3,1,1,1,8,3,4
397,0,11,male,4,1,1,1,1,3,2,1,1,1,3,2,1,2,1,3,3,1,3,1,1,2,3,4
398,1,5,male,3,2,1,2,2,3,3,2,3,4,4,1,1,1,1,NA,NA,NA,NA,NA,2,8,3,NA
399,1,18,male,3,1,1,2,1,NA,NA,NA,NA,NA,3,4,4,3,4,NA,NA,NA,NA,NA,2,NA,4,NA
400,1,26,male,3,3,2,2,2,3,2,3,3,3,3,3,3,4,4,3,3,3,3,4,1,2,3,4
401,0,11,female,4,2,3,4,3,3,4,4,4,4,4,3,3,3,4,NA,NA,NA,NA,NA,1,2,3,NA
402,1,5,female,3,2,2,2,3,4,4,4,4,4,3,2,2,2,2,3,3,2,2,2,2,3,4,5
403,1,18,female,4,3,1,2,2,3,4,2,4,3,4,2,1,2,2,3,2,2,2,2,2,2,7,4
404,0,17,female,3,NA,1,1,1,4,2,1,2,1,3,2,1,2,2,3,3,1,2,1,2,2,3,4
405,0,25,male,3,1,1,1,2,3,2,1,2,2,4,1,1,1,2,3,3,3,3,3,2,2,8,4
406,1,3,male,4,2,3,1,2,3,2,3,3,2,3,4,2,1,2,3,3,3,4,2,1,2,8,7
407,1,10,male,3,2,3,2,2,3,2,1,2,1,4,1,1,1,1,3,1,1,1,1,1,2,3,4
408,1,12,male,4,1,1,1,1,3,3,3,3,3,4,4,1,1,1,3,1,1,1,1,2,3,8,7
409,0,8,male,4,1,1,4,2,3,2,1,2,2,3,1,2,2,2,3,2,1,2,1,2,3,4,5
410,0,20,male,4,1,1,1,1,4,1,1,1,1,4,2,2,1,1,3,1,1,1,1,1,2,3,4
411,0,17,female,3,2,1,2,2,3,2,1,2,1,4,2,1,1,1,3,2,2,3,1,1,2,4,3
412,0,11,female,3,2,3,1,2,3,2,2,3,4,4,1,1,1,1,3,2,3,2,2,2,8,8,8
413,0,15,female,3,2,1,1,2,4,1,1,3,1,3,2,2,2,2,3,2,2,3,3,2,2,3,4
414,1,16,female,3,3,1,2,4,3,3,2,3,2,4,1,1,1,1,3,2,1,3,1,1,1,8,2
415,1,3,female,3,2,1,3,2,3,1,1,1,2,3,2,2,1,2,3,3,3,3,3,2,7,7,7
416,1,4,female,3,2,1,1,1,3,2,2,2,2,3,2,2,2,2,3,1,2,1,1,1,1,1,2
417,1,10,male,4,2,2,3,1,4,2,1,4,4,4,4,1,2,3,4,4,3,2,4,1,1,2,3
418,1,10,female,3,2,3,2,2,3,1,3,2,4,3,1,1,1,1,3,4,4,4,3,1,1,4,3
419,0,24,male,3,2,2,3,2,3,2,2,2,2,3,3,1,4,2,3,1,2,1,4,1,1,2,3
420,1,5,female,4,2,1,1,1,3,2,2,2,1,3,2,1,2,1,3,2,2,2,2,2,3,4,5
421,1,19,male,4,1,2,2,2,3,2,1,2,2,3,2,3,2,2,3,2,2,2,1,2,3,4,5
422,1,5,female,3,2,2,4,2,4,3,2,2,2,3,2,1,1,1,NA,NA,NA,NA,NA,1,8,7,NA
423,1,19,female,4,1,1,1,2,3,1,1,3,4,3,1,1,4,3,3,2,1,3,3,1,1,2,3
424,0,24,male,3,1,1,1,1,4,1,1,1,1,3,4,4,3,4,NA,NA,NA,NA,NA,2,2,4,NA
425,0,20,male,3,2,2,4,2,4,2,1,2,3,4,1,1,1,1,NA,NA,NA,NA,NA,1,2,3,NA
426,0,21,male,4,1,2,2,1,4,4,4,4,4,3,2,1,2,3,3,3,2,2,1,2,3,4,5
427,0,11,female,4,1,1,1,1,4,1,2,1,1,3,1,1,2,1,3,1,1,2,3,2,3,3,5
428,0,25,female,3,2,2,2,2,4,1,1,1,1,4,2,1,3,4,3,2,1,2,2,2,8,8,8
429,1,5,male,3,2,2,3,3,3,1,2,3,3,4,1,1,1,1,4,1,1,1,4,1,2,3,4
430,1,19,female,3,1,2,3,2,3,3,2,4,3,4,2,1,3,4,3,2,2,2,2,1,2,3,4
431,0,2,male,3,3,1,2,1,4,1,1,1,1,3,3,1,3,2,3,4,1,4,4,2,8,4,5
432,1,18,female,4,1,1,2,2,4,1,1,1,1,4,1,1,1,1,4,1,1,1,1,1,1,2,3
433,0,8,female,4,3,1,3,2,4,3,2,2,1,3,4,4,4,4,3,1,2,2,2,2,3,4,8
434,1,4,female,4,1,1,1,1,4,2,1,1,1,4,2,1,1,1,3,3,1,2,1,1,2,3,1
435,0,22,male,3,2,3,2,2,4,1,4,3,3,3,2,4,2,2,3,3,3,3,3,2,3,4,5
436,1,18,male,3,2,1,1,1,4,1,1,1,1,3,1,1,1,1,3,1,1,1,1,1,2,7,8
437,1,16,female,3,2,1,2,1,3,1,1,2,1,3,3,3,3,3,4,1,1,1,1,2,3,4,5
438,1,18,male,4,2,1,3,1,3,3,3,2,1,4,1,1,3,1,4,1,1,1,4,1,1,2,3
439,1,10,male,3,2,1,2,2,4,2,1,2,3,4,1,1,1,1,4,4,3,2,3,1,8,8,8
440,1,5,female,4,1,1,1,1,4,1,1,1,4,4,1,1,1,2,4,4,1,1,1,2,2,3,4
441,1,14,female,3,1,1,1,1,3,3,4,3,3,4,1,1,1,1,3,4,2,2,2,1,2,8,3
442,0,21,female,4,1,2,2,2,3,2,2,2,2,3,2,2,1,2,3,2,2,2,2,1,2,3,4
443,1,19,male,4,3,4,3,1,3,4,1,4,2,4,1,1,1,1,3,4,4,4,4,1,7,8,6
444,0,8,male,3,3,2,2,3,3,3,2,1,3,3,3,3,3,3,3,3,1,1,2,2,3,4,5
445,0,22,male,3,2,1,1,1,4,NA,1,1,NA,4,2,1,1,2,4,1,1,1,1,1,2,3,4
446,1,5,male,3,1,1,1,2,3,2,1,2,3,4,1,1,1,1,4,1,1,1,1,1,2,3,4
447,0,15,female,3,1,1,1,1,3,1,2,2,1,3,1,3,2,1,3,2,3,1,2,1,2,3,4
448,0,6,male,4,4,4,4,2,3,4,4,4,4,4,1,1,1,1,3,2,1,2,2,1,2,3,4
449,1,1,male,3,2,1,1,1,3,3,2,3,2,3,2,1,2,2,3,3,3,2,2,2,3,4,5
450,1,19,female,4,2,2,1,1,3,2,2,3,1,3,2,1,1,2,3,2,1,2,2,1,2,3,4
451,0,11,female,4,2,3,2,4,4,3,1,2,4,4,3,4,2,2,3,2,2,3,4,2,8,8,8
452,1,14,male,4,1,1,2,1,4,1,1,1,2,NA,4,1,2,4,4,4,2,4,3,1,2,3,7
453,1,26,female,3,4,2,2,4,3,2,1,3,2,3,2,2,1,2,3,2,1,2,1,1,1,2,3
454,1,19,female,3,2,1,2,1,3,1,2,2,1,3,2,2,2,2,3,2,1,2,1,1,1,2,3
455,1,26,male,3,1,2,1,1,4,1,1,1,1,3,2,1,4,4,3,3,4,2,4,2,3,4,5
456,0,23,male,4,1,1,1,1,4,1,1,2,2,3,2,1,2,2,3,1,1,2,1,1,2,2,3
457,1,4,male,4,1,1,2,1,4,1,1,1,1,4,1,1,1,1,4,1,1,2,1,1,2,2,3
458,1,19,male,4,2,1,2,2,4,1,1,1,1,4,1,1,1,1,4,1,1,1,1,1,1,2,3
459,0,15,male,3,2,1,2,3,3,3,1,3,3,3,2,3,NA,4,3,3,2,3,4,2,1,2,3
460,0,15,male,4,1,2,1,2,4,2,1,2,1,4,2,2,3,1,3,2,2,2,2,1,2,2,2
461,1,5,male,3,2,3,3,3,4,1,4,4,4,4,1,4,3,2,4,1,1,1,1,2,3,4,5
462,1,4,male,4,1,1,2,2,4,1,1,1,1,3,1,1,1,1,4,1,1,1,1,1,2,3,4
463,0,8,male,3,4,2,4,3,4,1,1,2,1,4,1,1,2,1,3,1,3,1,3,1,2,3,4
464,1,14,male,4,NA,1,2,1,4,1,1,1,1,4,2,1,1,1,4,1,1,1,1,1,2,3,4
465,1,1,female,3,1,1,2,1,3,2,2,3,3,3,3,3,3,4,3,3,2,2,3,1,1,2,3
466,1,4,female,4,1,1,1,2,4,1,1,1,1,4,3,1,2,1,4,1,1,1,2,1,1,2,1
467,1,1,female,4,1,2,2,1,4,1,1,2,1,3,2,2,1,2,3,2,1,1,1,2,999,4,5
468,0,17,male,3,1,2,2,1,4,2,2,2,2,3,1,1,1,3,3,2,1,1,2,2,3,4,5
469,1,13,male,3,2,2,3,3,3,4,2,3,1,3,3,1,2,2,3,2,2,3,2,1,2,3,4
470,0,7,female,4,3,4,4,4,3,4,4,4,4,4,2,1,2,1,3,4,4,3,4,1,2,7,4
471,0,24,male,3,2,1,3,2,3,1,2,3,2,4,1,1,1,1,3,3,2,3,2,2,2,1,3
472,0,15,female,4,1,1,1,1,4,1,1,1,1,3,2,1,2,1,4,1,2,1,1,1,2,3,4
473,1,1,male,4,1,1,1,3,4,1,1,1,1,4,1,1,1,1,4,1,3,1,3,1,1,2,3
474,0,25,male,4,1,1,1,2,3,1,2,3,3,3,4,3,3,1,3,2,4,3,4,1,1,2,3
475,0,22,male,3,3,3,2,1,3,2,2,2,3,3,2,2,1,2,4,1,2,2,1,2,3,4,5
476,0,11,male,4,1,1,1,2,4,1,1,2,2,3,1,1,1,2,3,1,1,1,1,1,2,2,3
477,0,20,female,3,3,2,3,2,3,2,2,2,2,3,2,1,1,1,3,3,1,2,1,1,2,4,4
478,1,1,female,4,1,2,1,1,4,1,1,1,1,3,1,1,1,1,4,4,1,1,1,1,1,2,3
479,1,9,female,4,1,1,1,1,3,3,2,1,3,4,2,1,1,3,4,1,1,2,2,2,3,4,5
480,1,4,female,4,1,1,1,1,4,1,1,1,1,4,1,1,1,1,NA,NA,NA,NA,NA,1,1,8,NA
481,0,2,female,4,4,1,4,4,4,4,4,4,4,4,4,4,4,2,4,4,3,4,2,1,2,3,4
482,1,12,female,4,1,1,1,1,3,1,2,2,2,4,4,4,4,4,4,1,4,4,2,1,2,3,4
483,0,2,female,3,3,1,2,1,3,2,1,3,2,3,2,3,2,2,3,2,1,3,2,1,1,1,3
484,1,18,female,3,3,1,3,1,4,1,1,1,1,3,2,1,2,3,4,1,1,1,2,1,1,2,3
485,0,6,female,4,1,1,2,1,3,4,3,4,4,3,3,3,2,3,3,2,3,1,3,2,3,4,5
486,0,23,male,3,2,1,2,2,4,3,3,3,3,3,1,1,1,1,4,4,4,4,4,2,3,3,5
487,0,20,female,3,2,2,2,2,4,1,1,1,2,3,2,2,1,1,3,3,2,3,2,2,3,4,3
488,0,24,female,4,1,1,1,1,4,1,1,1,1,4,1,1,1,1,4,1,1,1,1,1,1,8,8
489,1,9,female,4,3,1,1,1,4,2,1,1,1,3,2,2,2,2,4,1,1,1,1,1,2,3,4
490,1,10,female,4,4,4,3,4,4,1,1,1,1,3,2,2,2,2,3,2,2,2,2,2,3,4,5
491,0,6,male,3,3,1,4,4,3,2,2,2,2,3,1,1,1,1,4,2,3,2,1,2,8,8,8
492,0,6,male,3,2,1,1,2,4,1,1,1,1,3,1,1,1,1,3,2,3,3,3,2,7,8,8
493,0,17,female,3,3,1,2,2,3,2,1,2,1,3,2,2,1,2,3,2,1,1,1,1,1,2,3
494,1,5,male,4,1,1,1,2,3,1,1,1,1,4,1,1,1,1,4,1,2,2,2,1,1,2,3
495,0,2,female,4,1,1,2,2,4,2,1,2,2,4,1,1,2,1,3,2,1,2,2,1,1,1,2
496,0,2,female,3,2,1,2,1,3,2,2,2,3,3,2,1,2,1,3,2,2,2,2,2,3,5,5
497,1,9,female,4,2,1,2,2,3,4,4,3,4,4,1,1,1,1,NA,NA,NA,NA,NA,2,3,3,NA
498,0,7,female,3,2,1,2,2,3,2,1,3,4,4,1,1,3,1,3,1,1,2,2,1,1,2,3
499,0,8,female,4,1,1,1,1,4,1,1,1,1,4,1,1,1,1,4,1,1,2,1,1,1,2,3
500,1,12,male,4,4,4,4,4,4,1,4,4,4,4,4,4,4,4,4,1,2,2,2,1,2,3,4
501,0,21,female,4,4,3,4,4,3,3,3,3,4,3,2,1,2,3,NA,NA,NA,NA,NA,1,1,2,NA
502,0,11,female,3,2,2,3,1,4,1,1,1,1,3,1,2,1,1,3,2,2,3,2,2,8,8,8
503,0,17,female,3,2,2,2,2,3,2,2,2,2,3,2,2,2,2,3,2,2,2,2,1,2,3,4
504,1,3,male,3,2,1,2,2,4,1,1,4,4,4,1,4,1,4,3,3,3,3,3,2,2,8,2
505,1,3,female,3,1,1,3,2,4,3,1,4,3,3,2,1,1,1,3,3,1,3,4,1,1,4,7
506,1,5,female,3,4,1,3,4,4,4,4,2,4,NA,NA,NA,NA,NA,NA,NA,NA,NA,NA,2,3,NA,NA
507,1,5,female,3,3,4,4,4,3,3,4,4,4,4,4,4,4,4,3,4,2,3,3,2,3,4,5
508,1,18,male,3,2,2,4,3,4,1,1,4,4,4,1,2,1,2,4,2,3,4,4,1,1,7,2
509,0,22,female,3,3,3,3,3,3,2,2,2,2,4,2,3,3,3,4,3,2,3,3,1,1,2,8
510,0,21,male,3,2,1,2,1,3,2,3,2,2,3,3,2,3,2,3,2,1,2,2,1,2,2,3
511,1,10,female,3,2,1,3,4,4,3,4,3,4,4,4,4,4,4,3,4,3,3,3,1,3,4,5
512,0,2,female,4,1,1,1,1,4,1,1,1,1,4,1,2,1,1,3,3,2,1,2,1,2,2,3
513,1,26,male,3,2,2,4,2,3,2,1,2,3,3,3,2,2,4,3,2,2,2,4,2,7,7,7
514,0,23,female,3,3,2,3,2,3,3,2,2,2,3,3,1,3,2,4,3,1,1,1,1,2,3,4
515,1,16,male,3,2,2,2,1,3,3,3,3,3,3,3,3,3,3,3,3,2,2,2,2,3,4,5
516,0,2,male,4,2,1,2,1,3,1,1,1,2,3,1,1,1,1,3,3,1,1,1,1,2,8,4
517,0,22,male,3,4,2,4,2,3,4,2,4,3,3,1,1,1,1,4,1,1,1,2,1,2,3,4
518,0,24,female,3,1,1,2,1,4,2,1,1,1,4,1,1,1,1,4,1,1,1,1,1,2,4,8
519,1,10,female,3,2,1,1,2,4,4,4,4,4,4,4,4,4,4,4,4,2,4,2,2,3,4,5
520,1,12,male,4,4,2,4,4,3,1,3,1,4,4,2,1,2,2,3,2,1,4,2,2,3,4,5
521,1,18,female,3,3,1,2,1,4,1,1,1,1,3,3,2,3,2,4,1,1,1,2,2,3,4,5
522,1,13,female,3,2,2,2,2,3,1,2,2,2,3,1,1,2,1,3,1,1,1,1,1,1,3,2
523,1,10,male,3,1,2,1,3,4,1,1,1,2,3,2,1,2,2,3,1,1,2,2,1,1,2,3
524,1,1,female,4,1,1,1,1,4,2,1,1,1,4,1,1,1,1,4,1,1,1,2,1,2,3,4
525,1,26,female,3,2,1,1,1,3,2,1,1,1,4,2,1,1,1,3,3,3,2,2,1,2,7,7
526,0,25,female,3,2,1,3,4,4,1,1,1,1,NA,NA,NA,NA,NA,3,4,1,4,4,1,8,NA,7
527,0,22,female,3,1,1,3,1,3,2,2,2,1,4,2,1,1,2,3,3,2,4,3,1,1,8,7
528,0,11,male,3,1,3,2,1,3,1,1,2,1,3,1,1,2,1,4,1,2,1,1,1,2,2,2
529,0,11,female,3,1,3,1,2,NA,NA,NA,NA,NA,4,1,1,1,1,NA,NA,NA,NA,NA,1,NA,3,NA
530,1,4,male,4,1,1,1,1,4,1,1,1,1,4,1,1,1,2,3,1,2,1,1,1,1,2,7
531,0,6,female,4,2,3,4,4,3,2,3,3,3,3,2,3,3,3,3,3,2,3,3,2,3,4,5
532,1,1,female,3,1,1,NA,1,3,2,2,1,2,3,3,2,3,2,3,1,1,2,2,2,3,4,8
533,0,2,male,3,3,1,3,3,3,2,2,2,2,4,3,3,3,3,4,3,3,1,3,2,3,4,5
534,0,15,female,4,1,1,1,1,4,2,2,2,1,3,3,2,4,2,3,2,1,2,1,1,1,2,8
535,0,22,male,3,3,3,3,4,3,2,2,3,4,3,3,4,3,4,3,3,3,2,2,1,2,8,8
536,0,11,male,4,3,3,3,3,4,3,1,3,3,4,1,2,1,2,3,2,2,2,2,2,7,7,8
537,0,6,female,4,1,1,1,1,4,1,1,2,2,4,1,1,2,1,NA,NA,NA,NA,NA,1,1,2,NA
538,0,24,male,3,4,NA,3,NA,3,3,1,3,1,4,1,1,1,1,4,1,1,3,3,2,8,8,8
539,0,8,male,3,1,1,1,1,3,2,2,2,2,3,2,2,2,2,4,1,2,2,2,2,8,7,8
540,0,7,male,3,2,4,4,4,3,3,3,4,4,4,2,3,2,3,3,2,2,3,3,1,2,8,4
541,1,14,male,4,4,1,4,4,4,2,1,2,2,4,3,1,1,1,4,1,3,1,2,1,2,8,8
542,1,12,female,4,1,1,2,1,4,2,1,2,1,3,2,1,2,2,3,3,1,2,1,2,3,4,5
543,1,4,male,4,2,1,2,1,3,4,1,2,1,3,1,1,3,1,4,1,1,1,1,2,3,4,5
544,0,17,female,4,1,1,2,1,3,1,1,2,1,4,1,1,2,1,3,3,2,2,2,1,1,2,3
545,0,24,male,3,2,1,3,2,3,3,2,3,2,3,2,2,2,2,3,2,1,2,3,1,2,3,4
546,1,19,female,3,4,2,NA,2,4,1,1,2,1,3,2,2,2,1,3,2,1,2,2,1,1,2,3
547,1,10,female,3,3,1,3,1,3,2,1,1,1,4,1,1,1,1,4,1,1,1,1,2,2,3,4
548,0,11,female,3,3,1,3,4,3,2,1,2,2,4,1,1,1,1,NA,NA,NA,NA,NA,1,2,8,NA
549,1,16,male,4,2,1,1,1,4,1,1,1,1,4,1,1,1,1,4,1,1,2,1,1,2,3,4
550,0,15,male,4,2,2,2,2,4,3,3,3,4,4,2,1,1,3,4,1,1,1,1,1,2,3,7
551,1,5,male,3,2,1,2,2,3,2,2,2,1,3,2,2,2,2,4,2,2,2,1,2,3,4,5
552,0,24,female,4,1,1,1,2,4,1,1,1,1,4,1,1,1,1,3,2,1,2,2,1,8,8,8
553,1,13,female,4,2,1,1,1,4,2,2,2,1,4,1,1,1,1,4,3,1,1,1,1,1,2,3
554,0,20,male,4,1,1,4,4,3,4,2,1,2,NA,NA,NA,NA,NA,NA,NA,NA,NA,NA,2,8,NA,NA
555,1,19,male,3,1,2,2,2,3,1,2,2,2,4,1,1,1,1,3,2,3,4,3,2,3,4,5
556,1,5,male,4,2,1,2,1,4,1,1,1,1,4,1,1,1,1,3,1,1,1,1,1,1,2,3
557,0,2,female,4,4,1,4,4,4,1,1,1,1,4,4,4,4,4,4,4,4,4,4,1,1,2,8
558,0,17,male,3,2,2,2,2,3,4,4,4,4,4,3,2,1,3,4,4,4,4,4,1,2,3,4
559,1,1,male,4,2,1,2,2,3,2,1,2,2,3,1,1,1,1,3,2,1,4,2,1,2,8,7
560,0,2,female,4,1,1,1,1,4,1,1,1,1,4,4,1,2,2,3,2,1,1,1,1,2,3,4
561,1,1,male,4,2,2,2,2,4,1,1,4,1,4,1,1,1,1,4,3,2,3,2,1,1,2,3
562,0,11,male,4,1,1,1,2,3,2,1,2,1,3,4,4,3,4,NA,NA,NA,NA,NA,1,1,4,NA
563,0,11,male,3,1,4,3,3,4,1,1,1,1,4,2,1,2,1,NA,NA,NA,NA,NA,2,8,2,NA
564,0,11,female,3,2,2,4,2,3,2,2,3,4,4,1,1,1,1,3,2,2,2,3,2,3,3,5
565,1,1,male,4,1,1,1,1,4,1,1,1,1,3,1,1,1,1,3,3,1,1,1,1,1,2,3
566,0,8,female,3,2,2,4,4,4,3,1,4,2,3,1,1,1,1,3,2,4,2,2,2,3,4,5
567,0,20,male,4,2,1,2,NA,3,3,3,3,4,4,4,2,3,4,3,2,1,1,2,2,3,4,1
568,1,16,male,NA,3,1,3,3,3,2,3,1,3,3,1,2,2,3,3,3,2,2,1,1,8,7,7
569,1,9,female,4,1,1,1,1,3,2,1,1,1,4,2,1,1,1,3,2,3,2,3,1,2,3,4
570,1,26,female,4,2,2,2,2,NA,NA,NA,NA,NA,3,2,2,2,2,3,2,2,3,4,2,NA,4,8
571,1,3,male,3,1,1,1,1,3,1,2,2,1,3,1,2,1,1,4,1,1,1,1,1,2,3,4
572,1,1,male,3,1,3,3,2,3,1,1,2,3,3,3,1,1,2,3,2,2,2,2,1,2,3,4
573,0,25,male,4,1,1,1,1,4,1,2,1,1,4,2,1,1,1,4,1,1,1,1,1,1,2,8
574,0,20,female,3,2,2,2,2,3,1,2,1,1,4,1,1,1,2,NA,NA,NA,NA,NA,2,3,4,NA
575,1,1,female,4,1,1,4,2,3,3,1,1,2,3,2,2,1,2,3,1,2,1,2,2,3,4,5
576,0,20,male,3,1,1,2,NA,4,1,2,1,1,3,3,3,2,4,4,2,2,1,1,1,2,3,4
577,1,1,male,3,1,2,2,1,4,3,2,2,2,3,3,3,3,3,4,4,3,3,4,1,2,3,4
578,0,2,female,3,2,2,2,2,4,2,1,2,2,3,2,2,2,3,3,3,2,3,2,1,2,3,4
579,0,21,female,4,1,1,1,1,4,1,1,1,2,3,2,3,2,3,NA,NA,NA,NA,NA,1,2,3,NA
580,1,19,male,3,2,2,2,1,4,1,1,1,1,4,2,1,2,4,3,1,2,1,1,2,8,7,7
581,0,24,female,4,1,1,2,1,4,2,1,2,1,3,3,2,2,2,3,2,2,2,2,1,2,3,4
582,1,3,female,3,4,4,1,4,3,3,3,3,3,4,1,1,1,1,4,4,4,4,4,1,8,8,8
583,1,14,male,4,2,1,2,1,3,3,1,2,1,4,1,1,1,1,3,2,1,1,1,2,3,4,5
584,0,7,male,4,2,1,1,2,3,3,2,3,2,3,2,1,1,1,3,2,2,2,2,1,2,8,4
585,0,23,male,3,3,2,3,2,4,1,1,1,1,3,4,4,3,4,4,1,2,2,2,1,8,4,8
586,1,14,male,4,2,1,1,1,4,1,1,1,1,3,2,1,1,1,4,1,1,1,1,2,3,4,5
587,1,19,male,3,3,3,4,3,4,2,1,1,2,4,1,1,1,1,3,2,1,1,1,1,8,3,4
588,0,22,male,4,1,1,1,1,4,1,3,1,1,3,1,2,2,4,4,1,2,1,1,2,8,8,7
589,1,9,male,3,2,3,3,1,3,3,1,3,2,3,2,2,2,3,3,2,2,2,2,1,1,2,3
590,0,8,male,4,2,1,1,1,3,1,1,1,1,3,2,1,1,2,3,3,3,2,2,2,3,4,5
591,1,10,male,3,2,2,2,2,3,3,1,2,2,3,1,1,4,2,3,1,1,1,1,2,3,4,5
592,1,16,female,3,3,4,3,4,4,2,1,2,3,3,4,2,3,4,3,2,4,4,2,1,2,8,2
593,0,20,male,4,2,3,1,2,4,1,1,1,1,4,2,1,2,1,4,3,2,2,2,2,3,2,5
594,1,13,female,4,2,1,2,2,4,3,1,4,3,4,3,1,4,2,NA,NA,NA,NA,NA,2,1,2,NA
595,0,7,female,3,1,1,1,4,3,2,1,2,2,4,1,3,1,3,3,3,4,3,3,1,1,2,3
596,1,1,female,4,3,1,1,2,3,3,2,3,3,4,3,1,2,2,NA,NA,NA,NA,NA,1,1,2,NA
597,1,12,male,4,1,2,1,2,4,4,4,3,4,3,3,2,2,2,3,1,1,1,2,1,1,3,4
598,1,16,male,NA,NA,1,4,3,4,1,1,4,4,4,4,1,4,4,4,4,4,4,4,1,1,1,2
599,0,17,male,3,2,2,2,1,4,1,4,3,4,4,1,1,1,1,3,3,2,3,3,1,2,3,4
600,1,16,male,3,1,1,1,2,3,1,1,2,1,4,2,1,1,1,4,1,1,1,2,1,2,3,4
601,1,5,female,3,4,4,4,4,4,3,4,4,4,4,1,1,1,1,4,3,2,3,3,1,1,2,7
602,1,10,male,3,4,4,4,3,3,2,3,2,3,3,2,1,1,2,3,2,2,2,2,1,2,3,4
603,1,4,female,4,4,1,4,4,4,4,4,4,4,3,2,1,1,1,NA,NA,NA,NA,NA,2,8,7,NA
604,1,12,male,3,1,1,1,1,4,2,2,2,2,4,2,2,NA,1,3,2,2,2,2,1,2,3,4
605,0,25,female,3,1,2,2,2,3,2,2,2,2,3,2,2,2,3,3,3,4,2,3,1,2,7,8
606,1,13,female,4,1,2,1,1,4,1,1,1,1,3,3,1,1,2,3,2,2,2,2,1,1,1,2
607,1,1,female,3,2,1,3,2,3,3,1,3,1,4,2,1,1,1,4,1,1,3,2,1,2,4,4
608,0,6,male,3,1,1,4,4,4,1,1,2,4,3,2,1,3,3,3,2,3,2,3,1,2,3,4
609,1,26,female,3,2,2,3,2,3,3,4,4,4,4,1,1,1,1,NA,NA,NA,NA,NA,2,3,8,NA
610,1,9,female,4,NA,1,1,1,4,3,1,3,2,4,1,1,1,1,3,3,1,2,2,1,2,3,4
611,1,5,female,4,3,1,1,4,3,2,2,2,3,4,1,1,2,2,4,3,2,1,1,1,2,3,4
612,1,10,female,3,2,3,3,3,3,2,2,2,2,4,1,1,1,1,3,3,3,3,3,1,2,2,4
613,0,20,female,4,1,1,2,2,3,1,1,3,3,3,2,1,3,3,3,2,2,2,2,1,2,3,4
614,1,13,female,4,1,1,2,1,4,2,1,1,1,4,1,1,1,1,4,1,1,1,1,2,2,3,4
615,0,15,male,3,3,1,1,1,3,2,2,2,2,3,2,2,2,2,3,2,2,2,2,2,3,4,5
616,1,19,female,4,1,1,3,4,3,3,4,4,4,3,3,2,3,1,3,2,1,2,2,1,1,2,3
617,1,18,male,3,1,2,2,2,3,2,2,1,1,3,1,1,1,1,NA,NA,NA,NA,NA,1,1,3,NA
618,0,23,male,3,2,2,1,4,4,1,2,1,2,3,3,1,1,4,3,2,1,1,1,1,2,3,4
619,0,2,female,4,1,1,1,1,4,1,1,1,1,3,1,1,2,1,3,2,2,1,1,2,3,4,5
620,1,3,female,4,3,4,4,2,3,2,1,2,4,3,3,1,4,2,4,1,1,4,3,2,3,4,5
621,0,2,female,4,1,2,1,1,4,1,2,1,1,4,2,1,1,1,4,3,1,4,4,1,1,1,2
622,0,23,female,3,2,2,2,3,4,1,1,1,1,NA,NA,NA,NA,NA,NA,NA,NA,NA,NA,2,3,NA,NA
623,0,22,male,3,2,2,4,1,3,3,1,4,1,3,3,4,3,4,4,1,1,1,1,1,2,8,4
624,0,2,male,4,2,2,2,3,4,4,1,4,4,4,4,1,4,4,3,1,1,2,3,1,1,2,3
625,0,6,male,4,1,1,1,1,4,1,1,1,2,4,2,1,1,1,3,1,1,1,1,1,2,3,4
626,1,18,male,3,2,1,2,2,NA,NA,NA,NA,NA,4,2,1,2,1,NA,NA,NA,NA,NA,1,NA,8,NA
627,0,6,male,3,3,2,3,2,3,1,1,2,2,3,3,2,2,2,3,2,1,2,2,1,2,3,4
628,1,18,female,4,3,2,2,4,3,3,2,1,3,4,4,2,4,2,3,1,1,1,1,1,1,2,3
629,1,12,male,4,1,1,1,1,4,1,1,1,1,4,2,1,1,1,4,1,1,1,1,2,3,4,5
630,1,16,male,4,2,2,2,3,4,2,2,4,2,4,1,1,1,1,3,2,1,1,1,2,3,4,5
631,1,13,female,3,2,2,2,2,NA,NA,NA,NA,NA,4,3,2,3,4,4,1,1,2,2,1,NA,1,7
632,0,11,female,3,3,1,2,2,4,1,1,1,1,4,2,1,2,1,NA,NA,NA,NA,NA,1,8,7,NA
633,1,10,female,3,3,3,3,3,3,3,3,3,3,3,2,1,2,2,3,3,1,2,3,1,2,3,4
634,0,22,male,3,1,1,1,1,3,1,1,1,1,3,1,1,1,1,4,1,1,1,1,1,2,3,4
635,0,24,female,3,3,2,1,4,3,2,1,1,3,4,1,1,1,1,3,4,2,1,4,1,1,4,8
636,0,11,female,4,1,1,3,1,4,1,1,1,4,4,1,1,2,2,4,4,1,4,1,1,2,8,2
637,1,10,male,4,1,1,1,1,4,4,4,4,4,3,2,2,3,2,3,1,1,1,1,1,2,4,4
638,1,5,male,4,1,1,2,2,3,2,1,2,1,3,1,1,2,1,4,1,2,1,1,1,1,2,3
639,0,25,male,3,1,1,1,1,4,1,1,2,1,3,2,1,1,1,3,1,1,4,2,2,8,8,8
640,0,8,male,3,2,1,1,4,NA,NA,NA,NA,NA,NA,NA,NA,NA,NA,NA,NA,NA,NA,NA,2,NA,NA,NA
641,0,2,male,4,1,1,2,2,3,2,2,1,4,3,2,1,4,4,3,4,1,4,4,1,1,8,8
642,1,5,female,3,3,1,4,4,3,3,2,3,3,3,2,1,1,1,4,2,2,2,2,2,8,7,8
643,1,13,male,3,4,2,2,3,3,1,1,1,1,4,4,4,4,4,3,1,1,2,1,1,2,3,4
644,1,9,female,4,2,1,NA,1,3,2,1,2,2,3,3,1,1,2,3,2,1,1,1,2,3,4,5
645,0,2,female,4,1,1,1,2,3,2,2,2,4,4,2,2,3,1,4,1,2,3,2,2,8,3,4
646,0,8,male,4,1,1,1,1,4,1,1,1,1,4,2,3,2,3,3,3,3,3,1,1,8,8,8
647,0,11,male,4,1,1,1,1,4,1,1,1,1,3,2,1,1,1,3,2,1,1,1,1,2,8,8
648,1,3,male,3,2,3,3,2,3,1,2,2,1,3,2,2,2,1,3,1,1,2,1,1,2,7,7
649,1,26,male,4,2,1,2,4,3,2,1,1,2,4,1,1,1,1,4,1,1,1,1,2,3,4,5
650,0,17,female,3,1,3,1,3,3,3,3,3,3,3,2,2,2,2,4,3,3,3,3,2,3,4,5
651,0,24,female,3,1,1,2,2,3,1,1,2,2,3,1,1,1,1,3,1,1,1,1,1,1,2,7
652,1,4,male,3,2,1,3,3,4,1,1,1,2,3,4,4,3,4,4,1,1,1,2,1,2,4,8
653,1,10,male,4,1,1,4,4,4,4,1,4,4,3,3,1,4,4,3,2,1,2,4,1,1,2,3
654,0,11,male,4,4,4,4,4,3,3,3,3,3,3,2,1,1,1,4,1,4,1,4,1,2,8,2
655,0,21,female,3,3,3,3,3,NA,NA,NA,NA,NA,4,3,3,3,4,3,3,4,3,4,2,NA,3,8
656,0,17,female,3,2,4,4,4,4,2,1,2,4,3,3,3,3,3,3,2,2,2,3,2,3,4,5
657,0,21,male,3,2,1,1,NA,3,2,1,2,2,3,2,2,3,2,3,1,1,1,1,2,8,4,3
658,0,22,male,3,2,1,2,2,4,1,2,1,1,4,1,1,1,2,3,2,2,3,2,1,2,4,2
659,0,23,male,4,2,1,2,1,4,2,1,1,1,3,2,1,1,1,4,1,1,1,1,2,3,4,5
660,0,8,male,3,1,2,2,1,3,3,2,3,2,3,4,2,1,2,3,3,1,3,2,1,2,8,8
661,0,21,female,3,2,1,2,2,3,2,2,2,1,3,3,3,2,2,4,2,2,1,2,2,3,4,5
662,1,3,female,3,3,1,3,2,3,1,1,1,1,4,1,1,1,1,4,1,1,1,1,1,2,3,4
663,0,11,male,3,1,1,1,2,3,3,1,2,1,4,1,2,4,2,3,2,2,3,2,1,2,3,4
664,1,26,female,3,1,2,1,2,3,2,2,2,2,4,1,4,1,4,3,3,4,4,4,1,2,3,8
665,1,3,male,3,1,1,2,1,3,1,1,2,2,3,2,1,1,1,4,2,1,2,2,2,3,4,5
666,1,1,male,4,3,4,3,2,4,3,3,3,4,3,1,1,1,1,3,2,1,1,1,1,2,3,4
667,0,22,male,3,2,2,3,2,3,1,1,2,1,3,2,2,2,1,NA,NA,NA,NA,NA,1,2,3,NA
668,1,3,female,3,3,1,1,2,3,2,4,2,2,4,1,1,1,1,3,2,2,2,2,1,NA,8,2
669,0,24,female,3,1,1,2,1,4,1,1,1,1,4,1,1,1,1,NA,NA,NA,NA,NA,2,3,3,NA
670,1,1,female,4,4,1,1,1,4,1,1,1,1,4,1,1,2,2,3,2,2,2,4,2,3,4,8
671,0,25,female,3,1,1,1,2,4,2,2,2,3,3,2,3,3,3,3,1,1,2,2,1,1,2,8
672,0,6,female,3,3,3,3,1,4,4,4,4,4,4,2,1,3,4,3,3,4,4,4,1,1,8,1
673,0,11,female,4,1,1,2,1,3,1,1,1,1,4,2,1,3,2,NA,NA,NA,NA,NA,2,8,4,NA
674,0,6,male,3,2,2,2,1,4,2,3,2,2,3,1,1,1,1,3,1,1,1,2,1,2,3,4
675,1,1,male,4,1,1,1,1,3,3,3,3,1,3,3,1,1,2,3,3,1,1,1,1,1,2,3
676,0,8,female,3,1,1,1,2,3,3,1,1,1,3,1,2,2,1,3,2,1,4,1,2,3,4,5
677,1,13,female,3,3,2,3,4,3,2,2,3,2,4,3,4,4,3,3,4,3,3,3,2,3,3,4
678,1,19,male,3,4,2,4,3,3,2,1,1,3,3,4,2,3,4,3,4,2,3,4,2,3,4,5
679,1,9,male,3,2,3,3,2,3,2,2,1,3,3,1,1,4,2,3,2,2,3,1,2,3,4,5
680,0,24,male,3,1,2,3,3,3,1,1,2,2,4,1,1,2,2,3,3,2,3,2,2,1,2,3
681,1,5,male,3,1,1,2,3,4,1,1,2,1,3,2,2,2,2,3,2,1,2,1,2,3,4,5
682,1,1,female,4,2,1,3,3,3,3,2,1,2,3,2,2,2,2,3,2,2,2,2,2,1,2,3
683,1,26,male,3,2,2,1,2,4,3,4,4,4,3,1,1,1,1,3,2,3,3,3,2,7,7,7
684,1,4,female,4,4,2,2,1,3,2,3,2,4,4,1,1,1,1,4,2,2,3,4,1,8,4,2
685,1,1,female,3,2,1,1,2,4,2,1,2,2,4,1,1,1,2,3,3,3,3,3,1,2,2,3
686,0,6,male,3,1,1,2,2,3,3,1,1,1,4,1,1,1,1,4,3,1,2,3,1,1,3,2
687,1,13,female,4,2,1,4,2,3,1,1,2,4,3,2,1,2,3,NA,NA,NA,NA,NA,1,1,2,NA
688,1,1,male,3,2,2,2,2,3,2,1,2,1,3,2,1,3,1,3,3,2,3,3,2,3,4,5
689,0,20,male,3,1,1,1,1,4,4,1,1,1,3,1,1,2,1,4,1,1,1,1,1,2,3,4
690,1,1,male,3,4,4,4,4,4,1,1,1,1,NA,3,1,1,1,3,1,3,1,1,1,2,3,4
691,0,7,female,3,2,1,2,2,3,2,1,2,1,4,1,2,1,2,NA,NA,NA,NA,NA,2,3,4,NA
692,0,2,female,4,1,3,2,3,3,4,1,4,4,3,2,1,4,3,4,2,2,2,3,1,1,2,3
693,1,5,female,4,2,2,2,2,3,3,3,3,3,4,1,3,2,3,4,1,1,1,1,1,2,3,4
694,1,1,male,3,2,1,1,1,3,2,3,1,2,3,2,2,1,2,3,1,2,2,1,1,1,1,8
695,1,10,male,3,2,2,2,1,4,1,1,1,2,4,1,1,1,1,3,3,2,3,2,1,8,8,5
696,1,12,male,3,3,3,3,3,4,1,1,1,1,4,2,2,NA,1,4,1,1,4,1,2,7,7,7
697,1,12,male,3,2,2,2,2,3,2,3,2,2,4,3,3,3,3,3,2,4,2,4,1,2,3,4
698,1,14,female,4,3,2,2,2,4,3,2,4,1,3,3,3,3,2,NA,NA,NA,NA,NA,2,3,4,NA
699,1,19,male,4,3,1,2,4,3,1,2,4,2,4,1,1,2,4,4,1,1,4,1,1,2,3,3
700,1,12,female,3,2,3,4,2,3,2,4,4,4,4,4,4,4,4,4,1,1,2,2,1,2,3,4
701,0,23,female,3,3,4,3,2,3,1,2,1,2,3,3,3,3,4,3,3,2,3,3,2,3,4,5
702,1,13,female,4,1,2,1,1,4,1,1,1,2,3,1,2,1,1,3,4,1,1,1,1,1,2,8
703,1,4,male,3,2,2,2,3,3,3,3,3,3,3,2,1,1,1,3,2,2,1,2,1,2,4,7
704,1,5,female,3,1,1,1,1,3,2,2,2,2,3,2,1,2,1,3,3,2,3,2,1,2,3,4
705,0,11,male,3,1,1,2,1,3,1,1,2,1,3,1,1,1,1,3,3,1,3,2,1,2,1,2
706,1,1,male,3,1,1,2,1,3,2,1,2,1,4,2,1,1,3,4,1,1,1,1,1,2,3,4
707,0,22,male,3,4,4,4,4,4,3,2,3,4,3,2,3,4,2,3,3,4,3,2,1,1,1,2
708,1,10,female,3,3,1,2,NA,4,1,1,1,1,4,1,2,1,1,4,1,1,1,1,2,3,4,5
709,1,13,male,3,3,2,3,4,3,2,1,3,3,4,4,1,1,1,3,1,3,1,3,1,2,8,4
710,0,20,female,3,3,1,2,2,3,3,2,3,3,3,2,3,2,3,3,2,3,3,3,1,2,3,4
711,0,20,male,4,1,1,1,1,4,1,1,1,1,4,1,1,1,1,4,1,1,1,1,2,3,4,5
712,0,17,female,3,2,1,1,1,3,2,1,1,1,4,1,1,1,1,3,2,1,2,1,1,1,2,3
713,1,18,female,4,1,1,1,2,3,2,1,2,1,3,2,1,2,1,3,2,3,3,4,2,3,4,5
714,0,24,female,3,1,1,4,1,4,1,1,4,1,4,1,1,1,1,3,2,1,2,2,1,8,2,2
715,0,6,male,3,4,3,4,4,4,4,1,4,4,4,4,4,4,4,4,4,4,3,4,1,1,2,3
716,0,25,female,4,4,3,4,3,3,2,1,1,2,4,1,2,1,2,3,2,2,2,2,1,2,4,4
717,0,8,male,3,1,1,1,2,3,1,1,1,NA,3,1,1,1,1,4,1,1,1,1,1,1,2,3
718,1,13,male,3,2,1,2,1,3,2,1,2,1,3,1,1,4,1,4,1,1,1,1,2,3,3,5
719,1,1,male,3,2,2,2,2,3,3,3,3,2,3,3,2,1,2,NA,NA,NA,NA,NA,2,3,4,NA
720,1,12,female,4,2,1,2,4,3,2,3,2,3,3,4,3,3,4,3,4,3,3,4,2,2,3,4
721,0,25,female,4,2,2,2,1,4,2,1,2,3,3,2,3,2,3,NA,NA,NA,NA,NA,2,8,3,NA
722,1,26,male,4,1,4,2,2,4,2,2,3,3,4,1,1,2,4,3,1,3,2,2,1,2,3,8
723,1,14,female,3,1,1,4,2,4,1,1,1,2,4,1,1,1,1,3,2,2,2,1,1,1,2,3
724,0,17,female,3,1,1,2,1,4,2,1,2,3,3,3,2,3,3,3,2,2,2,2,2,2,8,3
725,1,18,male,4,1,2,2,2,3,2,1,1,2,3,2,1,3,2,4,2,1,3,2,1,2,3,4
726,1,18,female,3,2,1,1,1,4,1,1,1,1,4,3,1,1,1,4,3,1,1,1,2,3,4,5
727,0,25,male,4,1,1,1,1,3,1,4,2,2,3,2,3,2,3,3,2,2,2,2,1,2,2,2
728,1,18,male,3,2,2,2,2,3,1,1,2,1,3,2,1,2,2,4,2,1,1,2,2,3,4,5
729,1,18,female,3,1,1,1,1,3,2,2,2,2,4,4,4,4,4,NA,NA,NA,NA,NA,1,2,3,NA
730,0,22,female,4,1,4,4,4,3,3,3,3,3,4,1,2,1,1,NA,NA,NA,NA,NA,1,1,7,NA
731,1,12,male,3,1,1,2,1,4,1,1,1,1,3,2,2,3,2,4,1,1,1,1,1,2,3,4
732,1,5,male,3,3,NA,3,2,4,4,4,4,4,NA,NA,NA,NA,NA,NA,NA,NA,NA,NA,1,2,NA,NA
733,1,4,female,3,3,2,2,2,3,2,2,2,2,4,1,1,1,1,4,1,2,1,2,2,3,8,7
734,1,19,female,4,4,3,4,2,3,2,2,4,2,4,1,1,1,3,NA,NA,NA,NA,NA,2,3,8,NA
735,1,12,female,3,4,4,3,2,4,1,1,1,1,4,1,1,1,1,NA,NA,NA,NA,NA,1,8,8,NA
736,1,9,female,4,1,1,2,2,3,3,2,3,3,3,2,1,2,1,3,3,2,2,2,1,2,3,4
737,1,18,male,3,2,2,2,2,3,2,2,1,2,3,2,1,2,2,3,2,1,1,1,1,2,3,4
738,0,2,female,3,4,2,3,4,3,2,3,2,2,3,3,2,1,2,3,2,2,1,1,2,3,4,5
739,1,14,male,3,3,1,2,2,3,2,1,3,2,3,1,1,2,2,3,1,1,2,2,1,2,3,3
740,0,17,female,3,2,1,2,2,3,2,2,2,2,3,2,2,2,2,3,2,2,2,2,2,3,4,5
741,1,12,female,3,2,2,3,3,3,3,3,3,2,4,1,1,1,1,3,3,3,2,2,1,1,4,8
742,0,17,male,4,1,2,2,2,3,1,2,2,2,3,1,3,2,4,4,1,1,1,1,2,3,4,5
743,0,2,male,4,1,1,1,1,4,1,1,2,2,4,1,1,1,1,NA,NA,NA,NA,NA,1,2,7,NA
744,0,22,male,3,3,2,4,3,3,1,1,2,2,3,3,2,3,2,3,2,2,2,2,1,2,8,8
745,0,22,female,3,1,1,3,1,4,1,1,1,1,4,1,1,1,2,NA,NA,NA,NA,NA,2,8,4,NA
746,0,6,male,4,1,1,1,1,4,1,1,1,1,4,1,1,1,1,4,2,1,2,1,1,2,3,3
747,0,25,female,4,1,1,1,1,NA,NA,NA,NA,NA,4,2,1,3,4,3,3,1,2,3,2,NA,7,8
748,0,6,male,3,1,1,1,1,3,1,1,1,2,3,2,1,2,2,3,2,1,2,3,2,3,4,5
749,0,2,male,4,1,1,1,1,4,1,1,1,1,4,1,1,1,1,4,1,1,1,1,1,2,3,4
750,1,10,female,3,1,2,1,3,3,2,2,2,2,3,1,1,1,1,3,3,2,2,2,2,3,4,5
751,0,22,male,3,1,1,3,1,3,2,1,1,1,3,4,2,1,2,4,2,3,3,2,1,2,8,8
752,0,22,male,3,3,1,2,2,4,2,2,3,1,4,1,1,1,1,NA,NA,NA,NA,NA,2,8,3,NA
753,0,6,female,3,4,2,3,2,4,3,4,2,3,4,1,1,1,1,NA,NA,NA,NA,NA,1,1,4,NA
754,0,20,male,3,3,1,1,1,3,3,1,1,4,4,3,2,4,3,3,3,3,3,4,2,3,4,5
755,0,25,male,3,2,3,3,4,4,1,1,1,1,4,1,1,1,1,4,2,2,2,2,1,1,1,1
756,1,19,female,3,1,1,1,1,4,1,2,2,2,3,1,1,2,1,3,1,1,2,1,2,2,3,4
757,1,10,male,3,3,2,3,3,3,3,2,3,3,4,1,1,1,1,4,1,1,1,1,2,3,4,5
758,0,6,female,4,3,2,1,1,4,2,3,1,3,3,2,1,1,1,3,2,1,3,4,1,1,7,3
759,0,11,male,4,2,1,1,1,4,1,1,1,1,4,1,1,1,1,4,2,1,1,1,1,1,1,2
760,0,7,male,4,2,4,3,4,4,1,1,1,2,3,1,1,1,1,3,1,1,2,3,1,1,3,4
761,0,6,female,3,1,3,2,2,NA,NA,NA,NA,NA,3,2,3,4,4,3,2,3,2,2,2,NA,3,2
762,0,21,male,4,2,2,2,3,NA,NA,NA,NA,NA,3,4,4,3,4,3,3,2,2,3,2,NA,4,7
763,1,5,male,4,3,3,3,3,4,1,3,3,1,3,2,1,2,2,3,2,2,2,2,2,3,4,5
764,1,1,male,3,2,1,2,3,3,2,1,2,3,3,2,1,2,4,3,1,1,1,3,2,1,1,5
765,1,10,female,4,1,1,2,1,4,2,2,1,1,4,2,2,1,1,4,2,1,1,1,2,3,4,5
766,0,7,female,4,2,2,1,2,NA,NA,NA,NA,NA,3,1,1,2,1,3,3,3,3,3,2,NA,3,5
767,0,8,male,3,2,1,4,3,4,1,1,1,2,3,2,1,3,2,3,2,1,2,2,2,3,4,5
768,1,4,male,4,3,1,2,1,4,1,1,3,2,3,4,4,3,4,3,1,1,2,1,2,3,4,5
769,0,6,female,4,2,1,2,1,4,1,1,1,1,4,1,1,1,1,4,1,1,1,1,1,2,3,4
770,1,13,male,3,2,2,2,2,3,1,1,1,NA,4,1,1,1,1,3,2,2,2,3,1,2,8,8
771,1,19,female,3,2,2,2,2,3,3,2,1,1,4,1,2,1,1,3,2,2,2,2,1,2,3,4
772,0,7,female,4,2,3,2,4,4,4,4,4,4,4,2,1,1,2,3,3,2,3,4,1,1,8,8
773,1,12,female,3,1,2,2,1,3,2,2,2,2,3,4,4,4,3,3,3,3,3,3,1,2,3,4
774,1,12,male,4,4,4,4,4,4,4,1,3,3,3,2,1,4,4,NA,NA,NA,NA,NA,1,2,7,NA
775,1,18,male,3,2,2,3,3,3,1,2,4,1,3,1,1,1,1,3,1,1,1,1,1,2,3,4
776,0,25,male,4,3,2,4,3,3,2,2,3,2,4,1,1,1,1,NA,NA,NA,NA,NA,2,1,8,NA
777,0,20,male,3,3,3,4,2,4,3,3,2,1,4,1,1,1,2,3,3,1,3,2,2,999,4,5
778,1,18,male,4,1,1,1,1,3,2,2,2,4,3,2,1,1,1,4,2,2,3,2,1,2,3,4
779,0,23,female,4,1,1,1,1,4,2,1,1,1,3,2,1,1,1,3,3,1,2,1,1,2,3,4
780,0,24,male,4,1,1,1,1,4,1,1,1,1,3,4,4,3,4,3,3,1,2,1,1,2,4,4
781,0,7,male,3,4,4,4,4,3,4,4,2,1,3,2,2,2,2,NA,NA,NA,NA,NA,2,3,4,NA
782,0,17,female,3,2,1,3,3,3,2,2,2,2,3,3,3,3,3,3,2,2,2,2,1,2,3,4
783,1,16,male,3,3,3,3,3,4,2,1,4,3,4,4,3,4,4,3,2,1,4,2,1,1,2,7
784,1,14,female,4,2,2,2,3,3,2,2,2,3,3,2,2,2,4,4,2,1,2,2,1,2,3,4
785,0,23,female,3,3,1,3,3,4,1,1,1,1,3,3,3,3,3,3,3,3,3,3,2,3,4,5
786,0,17,male,4,4,3,2,2,4,4,3,4,4,4,1,1,1,1,4,4,4,4,4,1,2,3,4
787,1,13,male,3,3,4,3,4,3,2,2,2,2,3,3,3,3,2,3,2,2,2,3,2,3,4,5
788,0,6,female,4,1,1,1,1,4,1,1,1,1,4,2,1,4,3,4,2,1,1,2,1,2,2,3
789,0,17,female,3,2,1,3,2,3,1,1,1,3,3,2,1,2,3,3,2,1,2,4,1,2,2,3
790,0,11,female,4,2,1,1,1,3,2,1,3,3,4,1,1,1,1,3,2,1,2,2,1,2,8,7
791,1,18,female,3,1,2,2,2,3,3,2,2,3,3,2,2,2,3,3,3,2,3,2,2,3,4,5
792,1,10,female,4,1,1,1,1,4,1,1,4,1,3,2,2,2,2,3,4,1,1,1,1,2,3,4
793,1,12,female,3,2,1,2,2,3,2,2,2,1,4,1,1,1,1,4,1,1,1,1,2,3,4,8
794,1,26,female,3,1,1,2,1,3,2,2,2,1,3,2,1,1,1,3,2,1,1,1,2,3,4,5
795,1,4,male,3,2,1,2,2,4,1,2,2,2,4,1,1,1,1,4,1,2,1,NA,1,2,3,4
796,0,22,male,4,1,1,1,1,4,1,1,1,1,4,1,1,1,1,3,2,2,2,1,2,3,3,5
797,1,9,male,3,2,3,2,3,3,2,2,2,2,4,2,1,2,4,3,2,2,2,2,1,1,7,3
798,1,5,male,3,2,1,1,2,3,2,3,1,1,3,3,1,1,1,3,2,1,2,2,2,3,4,5
799,0,24,male,3,2,1,2,2,3,3,2,4,3,3,2,2,3,2,3,2,3,2,3,2,8,4,8
800,0,15,female,3,1,1,1,1,4,1,2,1,1,4,1,2,2,2,4,1,2,2,2,2,8,3,7
801,1,5,male,4,1,1,1,1,4,4,1,2,1,4,1,1,4,1,3,NA,1,1,1,1,2,3,4
802,0,11,female,4,4,2,4,2,4,4,3,3,2,3,3,1,4,3,4,3,3,3,4,2,3,4,5
803,1,10,male,3,3,4,4,4,3,2,1,1,1,4,1,1,2,1,4,1,1,1,1,2,3,4,5
804,1,26,female,3,3,1,1,1,4,1,1,1,1,4,2,1,3,1,4,4,1,1,2,1,3,8,8
805,1,26,male,3,2,1,1,2,3,2,2,1,2,4,1,1,1,2,3,1,1,1,2,2,3,4,5
806,0,17,female,3,3,1,2,2,3,2,2,2,2,3,2,1,2,1,3,2,2,2,2,2,3,4,5
807,0,23,male,3,2,1,3,4,4,2,1,2,1,4,1,1,1,1,4,1,1,4,1,1,2,3,4
808,1,10,male,3,4,3,3,3,4,1,1,1,1,3,2,3,4,2,4,1,1,1,1,2,3,4,4
809,1,5,female,4,2,1,1,1,4,1,1,2,2,3,3,1,3,1,3,3,1,1,1,2,1,2,8
810,0,15,female,3,1,1,2,2,3,1,1,3,4,3,2,1,3,4,3,1,2,2,3,1,2,3,4
811,0,11,female,4,1,1,2,1,4,1,1,1,1,4,1,1,1,1,4,1,1,2,1,1,2,3,4
812,0,11,male,3,2,1,2,2,3,2,2,2,2,4,2,1,1,3,3,2,2,2,2,1,2,3,8
813,0,2,female,4,4,4,4,4,3,4,4,3,3,3,3,2,3,2,3,4,3,4,4,1,2,3,4
814,1,5,female,3,1,1,2,1,4,4,2,3,2,4,2,1,2,1,3,2,3,4,3,2,3,4,5
815,1,5,female,3,1,2,2,2,3,2,2,2,2,3,3,3,2,3,3,3,1,1,1,1,1,2,3
816,1,16,male,4,1,3,2,2,4,4,1,4,4,3,4,2,4,2,3,2,1,2,2,1,1,2,7
817,0,7,male,3,2,2,2,2,3,2,1,1,3,3,1,2,2,2,NA,NA,NA,NA,NA,1,2,3,NA
818,1,13,female,4,4,1,3,1,3,2,1,2,3,3,2,3,2,3,3,2,3,3,2,1,1,2,8
819,1,9,male,3,2,2,1,2,3,2,1,1,3,3,2,1,4,4,4,1,1,1,4,1,2,3,4
820,0,8,female,4,4,1,4,4,4,4,1,4,4,NA,NA,NA,NA,NA,4,4,4,4,4,1,1,NA,1
821,0,22,male,4,4,4,4,4,4,1,2,1,2,3,3,1,1,1,3,4,4,4,4,2,8,4,8
822,1,18,female,3,2,3,2,1,3,2,1,1,1,3,2,2,2,3,3,2,1,2,4,2,3,4,5
823,1,9,male,3,1,2,1,1,3,2,2,2,1,3,2,1,2,1,3,3,2,3,1,2,3,4,5
824,1,18,female,4,2,1,2,1,3,3,3,3,2,3,3,3,1,3,3,3,3,2,1,1,2,3,4
825,1,13,female,4,2,1,3,1,4,1,1,1,1,4,1,1,1,1,4,1,1,1,1,2,3,4,5
826,1,13,male,3,2,1,1,2,3,2,1,1,1,4,1,1,1,1,3,2,1,2,2,2,1,4,5
827,0,7,male,3,2,2,2,2,3,2,2,1,1,4,4,4,4,4,NA,NA,NA,NA,NA,2,3,4,NA
828,1,16,male,3,2,1,4,1,3,1,1,1,1,3,2,1,2,1,4,1,1,2,1,2,3,4,5
829,1,10,male,4,1,1,1,1,3,3,2,2,2,4,1,4,1,2,3,1,1,3,2,1,2,3,4
830,0,2,male,3,2,1,2,2,3,2,2,2,2,3,2,2,2,2,3,1,1,1,1,2,3,4,5
831,0,21,female,3,4,1,2,2,3,1,2,2,2,3,2,2,2,2,3,1,2,2,2,1,1,2,8
832,0,24,female,3,2,1,4,1,3,3,4,2,4,3,2,1,2,3,3,1,1,1,1,2,3,2,5
833,0,22,female,3,1,1,1,2,4,2,1,1,1,4,2,1,2,3,3,1,2,1,2,1,8,1,7
834,1,5,female,3,1,4,1,4,3,3,2,3,2,3,3,2,3,2,3,4,4,4,4,2,3,4,5
835,1,12,female,3,3,3,4,3,3,3,2,3,3,4,1,2,2,1,NA,NA,NA,NA,NA,1,2,7,NA